atlas_id,timestamp,provider,lat,lon,width,height
1,1410223485,http://tile.openstreetmap.org/{Z}/{X}/{Y}.png,43.702,7.3318,0.0134,0.0122
2,1395311955,http://tile.stamen.com/boner/{Z}/{X}/{Y}.jpg,50.0761,19.9017,0.0067,0.0031
2,1395311955,http://tile.stamen.com/boner/{Z}/{X}/{Y}.jpg,50.0761,19.9085,0.0067,0.0031
2,1395311955,http://tile.stamen.com/boner/{Z}/{X}/{Y}.jpg,50.0761,19.9152,0.0067,0.0031
2,1395311955,http://tile.stamen.com/boner/{Z}/{X}/{Y}.jpg,50.0733,19.9017,0.0067,0.003
2,1395311955,http://tile.stamen.com/boner/{Z}/{X}/{Y}.jpg,50.0733,19.9085,0.0067,0.003
2,1395311955,http://tile.stamen.com/boner/{Z}/{X}/{Y}.jpg,50.0733,19.9152,0.0067,0.003
2,1395311955,http://tile.stamen.com/boner/{Z}/{X}/{Y}.jpg,50.0704,19.9017,0.0067,0.003
2,1395311955,http://tile.stamen.com/boner/{Z}/{X}/{Y}.jpg,50.0704,19.9085,0.0067,0.003
2,1395311955,http://tile.stamen.com/boner/{Z}/{X}/{Y}.jpg,50.0704,19.9152,0.0067,0.003
3,1422697898,http://tile.stamen.com/bing-lite/{Z}/{X}/{Y}.jpg,-8.043,111.7092,0.0076,0.0053
3,1422697898,http://tile.stamen.com/bing-lite/{Z}/{X}/{Y}.jpg,-8.043,111.7168,0.0077,0.0053
3,1422697898,http://tile.stamen.com/bing-lite/{Z}/{X}/{Y}.jpg,-8.048,111.7092,0.0076,0.0053
3,1422697898,http://tile.stamen.com/bing-lite/{Z}/{X}/{Y}.jpg,-8.048,111.7168,0.0077,0.0053
4,1398783444,http://tile.stamen.com/bing-lite/{Z}/{X}/{Y}.jpg,22.9905,120.221,0.0028,0.0032
4,1398783444,http://tile.stamen.com/bing-lite/{Z}/{X}/{Y}.jpg,22.9905,120.2236,0.0028,0.0032
5,1349030238,http://tile.stamen.com/toner-lite/{Z}/{X}/{Y}.png,40.0533,-105.2703,0.0659,0.0353
5,1349030238,http://tile.stamen.com/toner-lite/{Z}/{X}/{Y}.png,40.0198,-105.2703,0.0659,0.0353
5,1349030238,http://tile.stamen.com/toner-lite/{Z}/{X}/{Y}.png,39.9861,-105.2703,0.0659,0.0353
6,1416587242,http://tile.openstreetmap.org/{Z}/{X}/{Y}.png,43.6647,-79.3522,0.0018,0.0018
7,1342513154,http://tile.openstreetmap.org/{Z}/{X}/{Y}.png,54.0859,12.089,0.061,0.0453
7,1342513154,http://tile.openstreetmap.org/{Z}/{X}/{Y}.png,54.0859,12.1469,0.061,0.0453
8,1423034177,http://tile.openstreetmap.org/{Z}/{X}/{Y}.png,48.7324,-3.4571,0.0108,0.005
9,1415655737,http://tile.openstreetmap.org/{Z}/{X}/{Y}.png,40.7322,-73.9946,0.0173,0.0165
10,1417436737,http://tile.openstreetmap.org/{Z}/{X}/{Y}.png,19.1135,72.904,0.0253,0.0168
10,1417436737,http://tile.openstreetmap.org/{Z}/{X}/{Y}.png,19.1135,72.9293,0.0254,0.0168
11,1404990964,http://tile.openstreetmap.org/{Z}/{X}/{Y}.png,37.6924,23.346,0.087,0.0482
12,1376482882,http://tile.openstreetmap.org/{Z}/{X}/{Y}.png,48.5918,-0.3597,0.0017,0.0014
12,1376482882,http://tile.openstreetmap.org/{Z}/{X}/{Y}.png,48.5918,-0.358,0.0017,0.0014
12,1376482882,http://tile.openstreetmap.org/{Z}/{X}/{Y}.png,48.5918,-0.3565,0.0017,0.0014
12,1376482882,http://tile.openstreetmap.org/{Z}/{X}/{Y}.png,48.5904,-0.3597,0.0017,0.0014
12,1376482882,http://tile.openstreetmap.org/{Z}/{X}/{Y}.png,48.5904,-0.358,0.0017,0.0014
12,1376482882,http://tile.openstreetmap.org/{Z}/{X}/{Y}.png,48.5904,-0.3565,0.0017,0.0014
12,1376482882,http://tile.openstreetmap.org/{Z}/{X}/{Y}.png,48.589,-0.3597,0.0017,0.0014
12,1376482882,http://tile.openstreetmap.org/{Z}/{X}/{Y}.png,48.589,-0.358,0.0017,0.0014
12,1376482882,http://tile.openstreetmap.org/{Z}/{X}/{Y}.png,48.589,-0.3565,0.0017,0.0014
13,1386417622,http://tile.openstreetmap.org/{Z}/{X}/{Y}.png,48.3651,10.8727,0.004,0.0019
14,1371832389,http://tile.openstreetmap.org/{Z}/{X}/{Y}.png,43.0699,-76.0984,0.0062,0.0029
14,1371832389,http://tile.openstreetmap.org/{Z}/{X}/{Y}.png,43.0699,-76.0925,0.0062,0.0029
14,1371832389,http://tile.openstreetmap.org/{Z}/{X}/{Y}.png,43.067,-76.0984,0.0062,0.0028
14,1371832389,http://tile.openstreetmap.org/{Z}/{X}/{Y}.png,43.067,-76.0925,0.0062,0.0028
15,1363983268,http://tile.stamen.com/toner-lite/{Z}/{X}/{Y}.png,55.9922,-2.5123,0.0344,0.0134
16,1399027097,http://tile.openstreetmap.org/{Z}/{X}/{Y}.png,49.0427,34.4689,0.061,0.0507
16,1399027097,http://tile.openstreetmap.org/{Z}/{X}/{Y}.png,49.0427,34.5268,0.061,0.0507
16,1399027097,http://tile.openstreetmap.org/{Z}/{X}/{Y}.png,48.9921,34.4689,0.061,0.0507
16,1399027097,http://tile.openstreetmap.org/{Z}/{X}/{Y}.png,48.9921,34.5268,0.061,0.0507
16,1399027097,http://tile.openstreetmap.org/{Z}/{X}/{Y}.png,48.9413,34.4689,0.061,0.0507
16,1399027097,http://tile.openstreetmap.org/{Z}/{X}/{Y}.png,48.9413,34.5268,0.061,0.0507
16,1399027097,http://tile.openstreetmap.org/{Z}/{X}/{Y}.png,48.8906,34.4689,0.061,0.0508
16,1399027097,http://tile.openstreetmap.org/{Z}/{X}/{Y}.png,48.8906,34.5268,0.061,0.0508
16,1399027097,http://tile.openstreetmap.org/{Z}/{X}/{Y}.png,48.8398,34.4689,0.061,0.0508
16,1399027097,http://tile.openstreetmap.org/{Z}/{X}/{Y}.png,48.8398,34.5268,0.061,0.0508
17,1422346586,http://tile.openstreetmap.org/{Z}/{X}/{Y}.png,23.7396,90.4029,0.0773,0.0495
18,1344936314,http://tile.openstreetmap.org/{Z}/{X}/{Y}.png,47.3974,8.4998,0.0505,0.0217
18,1344936314,http://tile.openstreetmap.org/{Z}/{X}/{Y}.png,47.3974,8.5478,0.0506,0.0217
18,1344936314,http://tile.openstreetmap.org/{Z}/{X}/{Y}.png,47.3757,8.4998,0.0505,0.0217
18,1344936314,http://tile.openstreetmap.org/{Z}/{X}/{Y}.png,47.3757,8.5478,0.0506,0.0217
18,1344936314,http://tile.openstreetmap.org/{Z}/{X}/{Y}.png,47.3539,8.4998,0.0505,0.0217
18,1344936314,http://tile.openstreetmap.org/{Z}/{X}/{Y}.png,47.3539,8.5478,0.0506,0.0217
19,1378380469,http://tile.openstreetmap.org/{Z}/{X}/{Y}.png,44.1352,4.8068,0.0031,0.0016
19,1378380469,http://tile.openstreetmap.org/{Z}/{X}/{Y}.png,44.1352,4.8099,0.0031,0.0016
19,1378380469,http://tile.openstreetmap.org/{Z}/{X}/{Y}.png,44.1337,4.8068,0.0031,0.0015
19,1378380469,http://tile.openstreetmap.org/{Z}/{X}/{Y}.png,44.1337,4.8099,0.0031,0.0015
19,1378380469,http://tile.openstreetmap.org/{Z}/{X}/{Y}.png,44.1321,4.8068,0.0031,0.0015
19,1378380469,http://tile.openstreetmap.org/{Z}/{X}/{Y}.png,44.1321,4.8099,0.0031,0.0015
19,1378380469,http://tile.openstreetmap.org/{Z}/{X}/{Y}.png,44.1306,4.8068,0.0031,0.0016
19,1378380469,http://tile.openstreetmap.org/{Z}/{X}/{Y}.png,44.1306,4.8099,0.0031,0.0016
20,1399243799,http://tile.openstreetmap.org/{Z}/{X}/{Y}.png,34.8402,134.6875,0.008,0.0084
20,1399243799,http://tile.openstreetmap.org/{Z}/{X}/{Y}.png,34.8402,134.6952,0.0081,0.0084
20,1399243799,http://tile.openstreetmap.org/{Z}/{X}/{Y}.png,34.8319,134.6875,0.008,0.0083
20,1399243799,http://tile.openstreetmap.org/{Z}/{X}/{Y}.png,34.8319,134.6952,0.0081,0.0083
20,1399243799,http://tile.openstreetmap.org/{Z}/{X}/{Y}.png,34.8235,134.6875,0.008,0.0084
20,1399243799,http://tile.openstreetmap.org/{Z}/{X}/{Y}.png,34.8235,134.6952,0.0081,0.0084
21,1412294132,http://tile.stamen.com/toner-lite/{Z}/{X}/{Y}.png,12.788,119.8663,6.3836,3.9418
21,1412294132,http://tile.stamen.com/toner-lite/{Z}/{X}/{Y}.png,12.788,125.9308,6.3836,3.9418
22,1367448068,http://tile.openstreetmap.org/{Z}/{X}/{Y}.png,45.0879,7.6313,0.0346,0.0171
22,1367448068,http://tile.openstreetmap.org/{Z}/{X}/{Y}.png,45.0879,7.666,0.0347,0.0171
22,1367448068,http://tile.openstreetmap.org/{Z}/{X}/{Y}.png,45.0879,7.7006,0.0347,0.0171
22,1367448068,http://tile.openstreetmap.org/{Z}/{X}/{Y}.png,45.0716,7.6313,0.0346,0.0172
22,1367448068,http://tile.openstreetmap.org/{Z}/{X}/{Y}.png,45.0716,7.666,0.0347,0.0172
22,1367448068,http://tile.openstreetmap.org/{Z}/{X}/{Y}.png,45.0716,7.7006,0.0347,0.0172
22,1367448068,http://tile.openstreetmap.org/{Z}/{X}/{Y}.png,45.0553,7.6313,0.0346,0.0172
22,1367448068,http://tile.openstreetmap.org/{Z}/{X}/{Y}.png,45.0553,7.666,0.0347,0.0172
22,1367448068,http://tile.openstreetmap.org/{Z}/{X}/{Y}.png,45.0553,7.7006,0.0347,0.0172
22,1367448068,http://tile.openstreetmap.org/{Z}/{X}/{Y}.png,45.0389,7.6313,0.0346,0.0171
22,1367448068,http://tile.openstreetmap.org/{Z}/{X}/{Y}.png,45.0389,7.666,0.0347,0.0171
22,1367448068,http://tile.openstreetmap.org/{Z}/{X}/{Y}.png,45.0389,7.7006,0.0347,0.0171
23,1348070877,http://tile.openstreetmap.org/{Z}/{X}/{Y}.png,40.7492,24.5266,0.2436,0.1292
23,1348070877,http://tile.openstreetmap.org/{Z}/{X}/{Y}.png,40.7492,24.7702,0.2436,0.1292
23,1348070877,http://tile.openstreetmap.org/{Z}/{X}/{Y}.png,40.626,24.5266,0.2436,0.1294
23,1348070877,http://tile.openstreetmap.org/{Z}/{X}/{Y}.png,40.626,24.7702,0.2436,0.1294
24,1402393057,http://tile.stamen.com/boner/{Z}/{X}/{Y}.jpg,53.5431,5.7952,6.7621,2.8113
24,1402393057,http://tile.stamen.com/boner/{Z}/{X}/{Y}.jpg,53.5431,12.5629,6.7621,2.8113
24,1402393057,http://tile.stamen.com/boner/{Z}/{X}/{Y}.jpg,53.5431,19.3304,6.7621,2.8113
24,1402393057,http://tile.stamen.com/boner/{Z}/{X}/{Y}.jpg,50.7785,5.7952,6.7621,2.9917
24,1402393057,http://tile.stamen.com/boner/{Z}/{X}/{Y}.jpg,50.7785,12.5629,6.7621,2.9917
24,1402393057,http://tile.stamen.com/boner/{Z}/{X}/{Y}.jpg,50.7785,19.3304,6.7621,2.9917
24,1402393057,http://tile.stamen.com/boner/{Z}/{X}/{Y}.jpg,47.8405,5.7952,6.7621,3.1757
24,1402393057,http://tile.stamen.com/boner/{Z}/{X}/{Y}.jpg,47.8405,12.5629,6.7621,3.1757
24,1402393057,http://tile.stamen.com/boner/{Z}/{X}/{Y}.jpg,47.8405,19.3304,6.7621,3.1757
24,1402393057,http://tile.stamen.com/boner/{Z}/{X}/{Y}.jpg,44.7262,5.7952,6.7621,3.3616
24,1402393057,http://tile.stamen.com/boner/{Z}/{X}/{Y}.jpg,44.7262,12.5629,6.7621,3.3616
24,1402393057,http://tile.stamen.com/boner/{Z}/{X}/{Y}.jpg,44.7262,19.3304,6.7621,3.3616
25,1366379622,http://tile.openstreetmap.org/{Z}/{X}/{Y}.png,47.0746,15.1304,0.144,0.0621
25,1366379622,http://tile.openstreetmap.org/{Z}/{X}/{Y}.png,47.0746,15.2673,0.1439,0.0621
25,1366379622,http://tile.openstreetmap.org/{Z}/{X}/{Y}.png,47.0746,15.4042,0.144,0.0621
25,1366379622,http://tile.openstreetmap.org/{Z}/{X}/{Y}.png,47.0125,15.1304,0.144,0.0621
25,1366379622,http://tile.openstreetmap.org/{Z}/{X}/{Y}.png,47.0125,15.2673,0.1439,0.0621
25,1366379622,http://tile.openstreetmap.org/{Z}/{X}/{Y}.png,47.0125,15.4042,0.144,0.0621
25,1366379622,http://tile.openstreetmap.org/{Z}/{X}/{Y}.png,46.9501,15.1304,0.144,0.0622
25,1366379622,http://tile.openstreetmap.org/{Z}/{X}/{Y}.png,46.9501,15.2673,0.1439,0.0622
25,1366379622,http://tile.openstreetmap.org/{Z}/{X}/{Y}.png,46.9501,15.4042,0.144,0.0622
25,1366379622,http://tile.openstreetmap.org/{Z}/{X}/{Y}.png,46.8877,15.1304,0.144,0.0623
25,1366379622,http://tile.openstreetmap.org/{Z}/{X}/{Y}.png,46.8877,15.2673,0.1439,0.0623
25,1366379622,http://tile.openstreetmap.org/{Z}/{X}/{Y}.png,46.8877,15.4042,0.144,0.0623
25,1366379623,http://tile.openstreetmap.org/{Z}/{X}/{Y}.png,46.8253,15.1304,0.144,0.0624
25,1366379623,http://tile.openstreetmap.org/{Z}/{X}/{Y}.png,46.8253,15.2673,0.1439,0.0624
25,1366379623,http://tile.openstreetmap.org/{Z}/{X}/{Y}.png,46.8253,15.4042,0.144,0.0624
25,1366379623,http://tile.openstreetmap.org/{Z}/{X}/{Y}.png,46.7628,15.1304,0.144,0.0624
25,1366379623,http://tile.openstreetmap.org/{Z}/{X}/{Y}.png,46.7628,15.2673,0.1439,0.0624
25,1366379623,http://tile.openstreetmap.org/{Z}/{X}/{Y}.png,46.7628,15.4042,0.144,0.0624
25,1366379623,http://tile.openstreetmap.org/{Z}/{X}/{Y}.png,46.7002,15.1304,0.144,0.0625
25,1366379623,http://tile.openstreetmap.org/{Z}/{X}/{Y}.png,46.7002,15.2673,0.1439,0.0625
25,1366379623,http://tile.openstreetmap.org/{Z}/{X}/{Y}.png,46.7002,15.4042,0.144,0.0625
26,1382427539,http://tile.openstreetmap.org/{Z}/{X}/{Y}.png,40.6653,16.6142,0.0221,0.0117
27,1353605112,http://tile.openstreetmap.org/{Z}/{X}/{Y}.png,43.5656,10.3244,0.0087,0.0044
27,1353605112,http://tile.openstreetmap.org/{Z}/{X}/{Y}.png,43.5656,10.3331,0.0086,0.0044
27,1353605112,http://tile.openstreetmap.org/{Z}/{X}/{Y}.png,43.5614,10.3244,0.0087,0.0044
27,1353605112,http://tile.openstreetmap.org/{Z}/{X}/{Y}.png,43.5614,10.3331,0.0086,0.0044
27,1353605112,http://tile.openstreetmap.org/{Z}/{X}/{Y}.png,43.5573,10.3244,0.0087,0.0044
27,1353605112,http://tile.openstreetmap.org/{Z}/{X}/{Y}.png,43.5573,10.3331,0.0086,0.0044
28,1344375927,http://tile.openstreetmap.org/{Z}/{X}/{Y}.png,51.7782,-4.1482,0.3332,0.1443
28,1344375927,http://tile.openstreetmap.org/{Z}/{X}/{Y}.png,51.7782,-3.815,0.3332,0.1443
28,1344375927,http://tile.openstreetmap.org/{Z}/{X}/{Y}.png,51.7782,-3.4818,0.3332,0.1443
28,1344375927,http://tile.openstreetmap.org/{Z}/{X}/{Y}.png,51.7782,-3.1486,0.3332,0.1443
28,1344375927,http://tile.openstreetmap.org/{Z}/{X}/{Y}.png,51.6407,-4.1482,0.3332,0.1447
28,1344375927,http://tile.openstreetmap.org/{Z}/{X}/{Y}.png,51.6407,-3.815,0.3332,0.1447
28,1344375927,http://tile.openstreetmap.org/{Z}/{X}/{Y}.png,51.6407,-3.4818,0.3332,0.1447
28,1344375927,http://tile.openstreetmap.org/{Z}/{X}/{Y}.png,51.6407,-3.1486,0.3332,0.1447
28,1344375927,http://tile.openstreetmap.org/{Z}/{X}/{Y}.png,51.5026,-4.1482,0.3332,0.1452
28,1344375927,http://tile.openstreetmap.org/{Z}/{X}/{Y}.png,51.5026,-3.815,0.3332,0.1452
28,1344375927,http://tile.openstreetmap.org/{Z}/{X}/{Y}.png,51.5026,-3.4818,0.3332,0.1452
28,1344375927,http://tile.openstreetmap.org/{Z}/{X}/{Y}.png,51.5026,-3.1486,0.3332,0.1452
29,1347819484,http://tile.openstreetmap.org/{Z}/{X}/{Y}.png,39.0717,-76.5815,0.0386,0.042
29,1347819484,http://tile.openstreetmap.org/{Z}/{X}/{Y}.png,39.0717,-76.5429,0.0386,0.042
30,1419660872,http://tile.stamen.com/bing-lite/{Z}/{X}/{Y}.jpg,-6.4756,106.8237,0.0016,0.0019
31,1422038483,http://tile.stamen.com/boner/{Z}/{X}/{Y}.jpg,13.6985,-89.2113,0.0244,0.015
32,1344236896,http://tile.stamen.com/toner-lite/{Z}/{X}/{Y}.png,-41.3045,174.7828,0.0296,0.0155
32,1344236896,http://tile.stamen.com/toner-lite/{Z}/{X}/{Y}.png,-41.3194,174.7828,0.0296,0.0155
32,1344236896,http://tile.stamen.com/toner-lite/{Z}/{X}/{Y}.png,-41.3342,174.7828,0.0296,0.0155
33,1413271898,http://tile.openstreetmap.org/{Z}/{X}/{Y}.png,37.8725,-25.8556,0.0797,0.0797
33,1413271898,http://tile.openstreetmap.org/{Z}/{X}/{Y}.png,37.8725,-25.1732,0.0798,0.0797
33,1413271898,http://tile.openstreetmap.org/{Z}/{X}/{Y}.png,37.8725,-25.0973,0.0798,0.0797
33,1413271898,http://tile.openstreetmap.org/{Z}/{X}/{Y}.png,37.8725,-25.7797,0.0797,0.0797
33,1413271898,http://tile.openstreetmap.org/{Z}/{X}/{Y}.png,37.8725,-25.7039,0.0798,0.0797
33,1413271898,http://tile.openstreetmap.org/{Z}/{X}/{Y}.png,37.8725,-25.6281,0.0798,0.0797
33,1413271898,http://tile.openstreetmap.org/{Z}/{X}/{Y}.png,37.8725,-25.5522,0.0798,0.0797
33,1413271898,http://tile.openstreetmap.org/{Z}/{X}/{Y}.png,37.8725,-25.4764,0.0797,0.0797
33,1413271898,http://tile.openstreetmap.org/{Z}/{X}/{Y}.png,37.8725,-25.4006,0.0797,0.0797
33,1413271898,http://tile.openstreetmap.org/{Z}/{X}/{Y}.png,37.8725,-25.3248,0.0798,0.0797
33,1413271898,http://tile.openstreetmap.org/{Z}/{X}/{Y}.png,37.8725,-25.249,0.0798,0.0797
33,1413271898,http://tile.openstreetmap.org/{Z}/{X}/{Y}.png,37.7926,-25.8556,0.0797,0.0798
33,1413271898,http://tile.openstreetmap.org/{Z}/{X}/{Y}.png,37.7926,-25.1732,0.0798,0.0798
33,1413271898,http://tile.openstreetmap.org/{Z}/{X}/{Y}.png,37.7926,-25.0973,0.0798,0.0798
33,1413271898,http://tile.openstreetmap.org/{Z}/{X}/{Y}.png,37.7926,-25.7797,0.0797,0.0798
33,1413271898,http://tile.openstreetmap.org/{Z}/{X}/{Y}.png,37.7926,-25.7039,0.0798,0.0798
33,1413271898,http://tile.openstreetmap.org/{Z}/{X}/{Y}.png,37.7926,-25.6281,0.0798,0.0798
33,1413271898,http://tile.openstreetmap.org/{Z}/{X}/{Y}.png,37.7926,-25.5522,0.0798,0.0798
33,1413271898,http://tile.openstreetmap.org/{Z}/{X}/{Y}.png,37.7926,-25.4764,0.0797,0.0798
33,1413271898,http://tile.openstreetmap.org/{Z}/{X}/{Y}.png,37.7926,-25.4006,0.0797,0.0798
33,1413271898,http://tile.openstreetmap.org/{Z}/{X}/{Y}.png,37.7926,-25.3248,0.0798,0.0798
33,1413271898,http://tile.openstreetmap.org/{Z}/{X}/{Y}.png,37.7926,-25.249,0.0798,0.0798
33,1413271898,http://tile.openstreetmap.org/{Z}/{X}/{Y}.png,37.7127,-25.8556,0.0797,0.0799
33,1413271898,http://tile.openstreetmap.org/{Z}/{X}/{Y}.png,37.7127,-25.1732,0.0798,0.0799
33,1413271898,http://tile.openstreetmap.org/{Z}/{X}/{Y}.png,37.7127,-25.0973,0.0798,0.0799
33,1413271898,http://tile.openstreetmap.org/{Z}/{X}/{Y}.png,37.7127,-25.7797,0.0797,0.0799
33,1413271898,http://tile.openstreetmap.org/{Z}/{X}/{Y}.png,37.7127,-25.7039,0.0798,0.0799
33,1413271898,http://tile.openstreetmap.org/{Z}/{X}/{Y}.png,37.7127,-25.6281,0.0798,0.0799
33,1413271898,http://tile.openstreetmap.org/{Z}/{X}/{Y}.png,37.7127,-25.5522,0.0798,0.0799
33,1413271898,http://tile.openstreetmap.org/{Z}/{X}/{Y}.png,37.7127,-25.4764,0.0797,0.0799
33,1413271898,http://tile.openstreetmap.org/{Z}/{X}/{Y}.png,37.7127,-25.4006,0.0797,0.0799
33,1413271898,http://tile.openstreetmap.org/{Z}/{X}/{Y}.png,37.7127,-25.3248,0.0798,0.0799
33,1413271898,http://tile.openstreetmap.org/{Z}/{X}/{Y}.png,37.7127,-25.249,0.0798,0.0799
34,1366297532,http://tile.stamen.com/toner-lite/{Z}/{X}/{Y}.png,44.5083,34.1352,0.049,0.0244
34,1366297532,http://tile.stamen.com/toner-lite/{Z}/{X}/{Y}.png,44.5083,34.1842,0.049,0.0244
34,1366297532,http://tile.stamen.com/toner-lite/{Z}/{X}/{Y}.png,44.4849,34.1352,0.049,0.0245
34,1366297532,http://tile.stamen.com/toner-lite/{Z}/{X}/{Y}.png,44.4849,34.1842,0.049,0.0245
35,1389146659,http://tile.openstreetmap.org/{Z}/{X}/{Y}.png,32.2477,77.1882,0.0745,0.0441
36,1412688794,http://tile.stamen.com/toner-lite/{Z}/{X}/{Y}.png,57.4703,-5.4383,14.2713,5.3603
36,1412688794,http://tile.stamen.com/toner-lite/{Z}/{X}/{Y}.png,57.4703,8.833,14.2712,5.3603
36,1412688794,http://tile.stamen.com/toner-lite/{Z}/{X}/{Y}.png,57.4703,23.1043,14.2713,5.3603
36,1412688794,http://tile.stamen.com/toner-lite/{Z}/{X}/{Y}.png,57.4703,37.3755,14.2712,5.3603
36,1412688794,http://tile.stamen.com/toner-lite/{Z}/{X}/{Y}.png,51.9943,-5.4383,14.2713,6.1386
36,1412688794,http://tile.stamen.com/toner-lite/{Z}/{X}/{Y}.png,51.9943,8.833,14.2712,6.1386
36,1412688794,http://tile.stamen.com/toner-lite/{Z}/{X}/{Y}.png,51.9943,23.1043,14.2713,6.1386
36,1412688794,http://tile.stamen.com/toner-lite/{Z}/{X}/{Y}.png,51.9943,37.3755,14.2712,6.1386
36,1412688794,http://tile.stamen.com/toner-lite/{Z}/{X}/{Y}.png,45.7584,-5.4383,14.2713,6.9565
36,1412688794,http://tile.stamen.com/toner-lite/{Z}/{X}/{Y}.png,45.7584,8.833,14.2712,6.9565
36,1412688794,http://tile.stamen.com/toner-lite/{Z}/{X}/{Y}.png,45.7584,23.1043,14.2713,6.9565
36,1412688794,http://tile.stamen.com/toner-lite/{Z}/{X}/{Y}.png,45.7584,37.3755,14.2712,6.9565
36,1412688794,http://tile.stamen.com/toner-lite/{Z}/{X}/{Y}.png,38.7421,-5.4383,14.2713,7.7781
36,1412688794,http://tile.stamen.com/toner-lite/{Z}/{X}/{Y}.png,38.7421,8.833,14.2712,7.7781
36,1412688794,http://tile.stamen.com/toner-lite/{Z}/{X}/{Y}.png,38.7421,23.1043,14.2713,7.7781
36,1412688794,http://tile.stamen.com/toner-lite/{Z}/{X}/{Y}.png,38.7421,37.3755,14.2712,7.7781
37,1419247276,http://tile.opencyclemap.org/cycle/{Z}/{X}/{Y}.png,-29.9618,28.7649,0.8295,0.5031
37,1419247276,http://tile.opencyclemap.org/cycle/{Z}/{X}/{Y}.png,-29.9618,29.5945,0.8295,0.5031
38,1418195635,http://tile.stamen.com/boner/{Z}/{X}/{Y}.jpg,19.0539,72.9073,0.0022,0.0015
38,1418195635,http://tile.stamen.com/boner/{Z}/{X}/{Y}.jpg,19.0539,72.9094,0.0021,0.0015
38,1418195635,http://tile.stamen.com/boner/{Z}/{X}/{Y}.jpg,19.0525,72.9073,0.0022,0.0014
38,1418195635,http://tile.stamen.com/boner/{Z}/{X}/{Y}.jpg,19.0525,72.9094,0.0021,0.0014
39,1411451079,http://tile.openstreetmap.org/{Z}/{X}/{Y}.png,-6.1162,106.7232,0.0078,0.0098
40,1379235301,http://tile.openstreetmap.org/{Z}/{X}/{Y}.png,48.8085,2.1247,0.0039,0.0016
40,1379235301,http://tile.openstreetmap.org/{Z}/{X}/{Y}.png,48.8085,2.1284,0.0038,0.0016
40,1379235301,http://tile.openstreetmap.org/{Z}/{X}/{Y}.png,48.8085,2.132,0.0038,0.0016
40,1379235301,http://tile.openstreetmap.org/{Z}/{X}/{Y}.png,48.8085,2.1357,0.0039,0.0016
40,1379235301,http://tile.openstreetmap.org/{Z}/{X}/{Y}.png,48.8069,2.1247,0.0039,0.0016
40,1379235301,http://tile.openstreetmap.org/{Z}/{X}/{Y}.png,48.8069,2.1284,0.0038,0.0016
40,1379235301,http://tile.openstreetmap.org/{Z}/{X}/{Y}.png,48.8069,2.132,0.0038,0.0016
40,1379235301,http://tile.openstreetmap.org/{Z}/{X}/{Y}.png,48.8069,2.1357,0.0039,0.0016
40,1379235301,http://tile.openstreetmap.org/{Z}/{X}/{Y}.png,48.8053,2.1247,0.0039,0.0016
40,1379235301,http://tile.openstreetmap.org/{Z}/{X}/{Y}.png,48.8053,2.1284,0.0038,0.0016
40,1379235301,http://tile.openstreetmap.org/{Z}/{X}/{Y}.png,48.8053,2.132,0.0038,0.0016
40,1379235301,http://tile.openstreetmap.org/{Z}/{X}/{Y}.png,48.8053,2.1357,0.0039,0.0016
41,1383874455,http://tile.openstreetmap.org/{Z}/{X}/{Y}.png,51.8312,10.7708,0.0473,0.0204
42,1378228658,http://tile.stamen.com/toner-lite/{Z}/{X}/{Y}.png,43.6769,1.4279,0.1751,0.0886
43,1399243793,http://tile.openstreetmap.org/{Z}/{X}/{Y}.png,34.8402,134.6875,0.008,0.0084
43,1399243793,http://tile.openstreetmap.org/{Z}/{X}/{Y}.png,34.8402,134.6952,0.0081,0.0084
43,1399243793,http://tile.openstreetmap.org/{Z}/{X}/{Y}.png,34.8319,134.6875,0.008,0.0083
43,1399243793,http://tile.openstreetmap.org/{Z}/{X}/{Y}.png,34.8319,134.6952,0.0081,0.0083
43,1399243793,http://tile.openstreetmap.org/{Z}/{X}/{Y}.png,34.8235,134.6875,0.008,0.0084
43,1399243793,http://tile.openstreetmap.org/{Z}/{X}/{Y}.png,34.8235,134.6952,0.0081,0.0084
44,1398716052,http://tile.stamen.com/toner-lite/{Z}/{X}/{Y}.png,43.6603,-79.7839,0.0738,0.0374
44,1398716052,http://tile.stamen.com/toner-lite/{Z}/{X}/{Y}.png,43.6603,-79.71,0.0739,0.0374
44,1398716052,http://tile.stamen.com/toner-lite/{Z}/{X}/{Y}.png,43.6603,-79.6362,0.0738,0.0374
44,1398716052,http://tile.stamen.com/toner-lite/{Z}/{X}/{Y}.png,43.6603,-79.5624,0.0738,0.0374
44,1398716052,http://tile.stamen.com/toner-lite/{Z}/{X}/{Y}.png,43.6247,-79.7839,0.0738,0.0374
44,1398716052,http://tile.stamen.com/toner-lite/{Z}/{X}/{Y}.png,43.6247,-79.71,0.0739,0.0374
44,1398716052,http://tile.stamen.com/toner-lite/{Z}/{X}/{Y}.png,43.6247,-79.6362,0.0738,0.0374
44,1398716052,http://tile.stamen.com/toner-lite/{Z}/{X}/{Y}.png,43.6247,-79.5624,0.0738,0.0374
44,1398716052,http://tile.stamen.com/toner-lite/{Z}/{X}/{Y}.png,43.5891,-79.7839,0.0738,0.0375
44,1398716052,http://tile.stamen.com/toner-lite/{Z}/{X}/{Y}.png,43.5891,-79.71,0.0739,0.0375
44,1398716052,http://tile.stamen.com/toner-lite/{Z}/{X}/{Y}.png,43.5891,-79.6362,0.0738,0.0375
44,1398716052,http://tile.stamen.com/toner-lite/{Z}/{X}/{Y}.png,43.5891,-79.5624,0.0738,0.0375
44,1398716052,http://tile.stamen.com/toner-lite/{Z}/{X}/{Y}.png,43.5534,-79.7839,0.0738,0.0374
44,1398716052,http://tile.stamen.com/toner-lite/{Z}/{X}/{Y}.png,43.5534,-79.71,0.0739,0.0374
44,1398716052,http://tile.stamen.com/toner-lite/{Z}/{X}/{Y}.png,43.5534,-79.6362,0.0738,0.0374
44,1398716052,http://tile.stamen.com/toner-lite/{Z}/{X}/{Y}.png,43.5534,-79.5624,0.0738,0.0374
44,1398716052,http://tile.stamen.com/toner-lite/{Z}/{X}/{Y}.png,43.5177,-79.7839,0.0738,0.0375
44,1398716052,http://tile.stamen.com/toner-lite/{Z}/{X}/{Y}.png,43.5177,-79.71,0.0739,0.0375
44,1398716052,http://tile.stamen.com/toner-lite/{Z}/{X}/{Y}.png,43.5177,-79.6362,0.0738,0.0375
44,1398716052,http://tile.stamen.com/toner-lite/{Z}/{X}/{Y}.png,43.5177,-79.5624,0.0738,0.0375
45,1395760580,http://tile.openstreetmap.org/{Z}/{X}/{Y}.png,47.3897,8.5158,0.0075,0.0064
45,1395760580,http://tile.openstreetmap.org/{Z}/{X}/{Y}.png,47.3897,8.5229,0.0075,0.0064
45,1395760580,http://tile.openstreetmap.org/{Z}/{X}/{Y}.png,47.3897,8.5299,0.0075,0.0064
45,1395760580,http://tile.openstreetmap.org/{Z}/{X}/{Y}.png,47.3897,8.5371,0.0075,0.0064
45,1395760580,http://tile.openstreetmap.org/{Z}/{X}/{Y}.png,47.3897,8.5442,0.0075,0.0064
45,1395760580,http://tile.openstreetmap.org/{Z}/{X}/{Y}.png,47.3897,8.5512,0.0075,0.0064
45,1395760580,http://tile.openstreetmap.org/{Z}/{X}/{Y}.png,47.3897,8.5584,0.0074,0.0064
45,1395760580,http://tile.openstreetmap.org/{Z}/{X}/{Y}.png,47.3833,8.5158,0.0075,0.0064
45,1395760580,http://tile.openstreetmap.org/{Z}/{X}/{Y}.png,47.3833,8.5229,0.0075,0.0064
45,1395760580,http://tile.openstreetmap.org/{Z}/{X}/{Y}.png,47.3833,8.5299,0.0075,0.0064
45,1395760580,http://tile.openstreetmap.org/{Z}/{X}/{Y}.png,47.3833,8.5371,0.0075,0.0064
45,1395760580,http://tile.openstreetmap.org/{Z}/{X}/{Y}.png,47.3833,8.5442,0.0075,0.0064
45,1395760580,http://tile.openstreetmap.org/{Z}/{X}/{Y}.png,47.3833,8.5512,0.0075,0.0064
45,1395760580,http://tile.openstreetmap.org/{Z}/{X}/{Y}.png,47.3833,8.5584,0.0074,0.0064
45,1395760580,http://tile.openstreetmap.org/{Z}/{X}/{Y}.png,47.3769,8.5158,0.0075,0.0064
45,1395760580,http://tile.openstreetmap.org/{Z}/{X}/{Y}.png,47.3769,8.5229,0.0075,0.0064
45,1395760580,http://tile.openstreetmap.org/{Z}/{X}/{Y}.png,47.3769,8.5299,0.0075,0.0064
45,1395760580,http://tile.openstreetmap.org/{Z}/{X}/{Y}.png,47.3769,8.5371,0.0075,0.0064
45,1395760580,http://tile.openstreetmap.org/{Z}/{X}/{Y}.png,47.3769,8.5442,0.0075,0.0064
45,1395760580,http://tile.openstreetmap.org/{Z}/{X}/{Y}.png,47.3769,8.5512,0.0075,0.0064
45,1395760580,http://tile.openstreetmap.org/{Z}/{X}/{Y}.png,47.3769,8.5584,0.0074,0.0064
45,1395760580,http://tile.openstreetmap.org/{Z}/{X}/{Y}.png,47.3704,8.5158,0.0075,0.0065
45,1395760580,http://tile.openstreetmap.org/{Z}/{X}/{Y}.png,47.3704,8.5229,0.0075,0.0065
45,1395760580,http://tile.openstreetmap.org/{Z}/{X}/{Y}.png,47.3704,8.5299,0.0075,0.0065
45,1395760580,http://tile.openstreetmap.org/{Z}/{X}/{Y}.png,47.3704,8.5371,0.0075,0.0065
45,1395760580,http://tile.openstreetmap.org/{Z}/{X}/{Y}.png,47.3704,8.5442,0.0075,0.0065
45,1395760580,http://tile.openstreetmap.org/{Z}/{X}/{Y}.png,47.3704,8.5512,0.0075,0.0065
45,1395760580,http://tile.openstreetmap.org/{Z}/{X}/{Y}.png,47.3704,8.5584,0.0074,0.0065
45,1395760580,http://tile.openstreetmap.org/{Z}/{X}/{Y}.png,47.364,8.5158,0.0075,0.0064
45,1395760580,http://tile.openstreetmap.org/{Z}/{X}/{Y}.png,47.364,8.5229,0.0075,0.0064
45,1395760580,http://tile.openstreetmap.org/{Z}/{X}/{Y}.png,47.364,8.5299,0.0075,0.0064
45,1395760580,http://tile.openstreetmap.org/{Z}/{X}/{Y}.png,47.364,8.5371,0.0075,0.0064
45,1395760580,http://tile.openstreetmap.org/{Z}/{X}/{Y}.png,47.364,8.5442,0.0075,0.0064
45,1395760580,http://tile.openstreetmap.org/{Z}/{X}/{Y}.png,47.364,8.5512,0.0075,0.0064
45,1395760580,http://tile.openstreetmap.org/{Z}/{X}/{Y}.png,47.364,8.5584,0.0074,0.0064
45,1395760580,http://tile.openstreetmap.org/{Z}/{X}/{Y}.png,47.3576,8.5158,0.0075,0.0064
45,1395760580,http://tile.openstreetmap.org/{Z}/{X}/{Y}.png,47.3576,8.5229,0.0075,0.0064
45,1395760580,http://tile.openstreetmap.org/{Z}/{X}/{Y}.png,47.3576,8.5299,0.0075,0.0064
45,1395760580,http://tile.openstreetmap.org/{Z}/{X}/{Y}.png,47.3576,8.5371,0.0075,0.0064
45,1395760580,http://tile.openstreetmap.org/{Z}/{X}/{Y}.png,47.3576,8.5442,0.0075,0.0064
45,1395760580,http://tile.openstreetmap.org/{Z}/{X}/{Y}.png,47.3576,8.5512,0.0075,0.0064
45,1395760580,http://tile.openstreetmap.org/{Z}/{X}/{Y}.png,47.3576,8.5584,0.0074,0.0064
45,1395760580,http://tile.openstreetmap.org/{Z}/{X}/{Y}.png,47.3512,8.5158,0.0075,0.0064
45,1395760580,http://tile.openstreetmap.org/{Z}/{X}/{Y}.png,47.3512,8.5229,0.0075,0.0064
45,1395760580,http://tile.openstreetmap.org/{Z}/{X}/{Y}.png,47.3512,8.5299,0.0075,0.0064
45,1395760580,http://tile.openstreetmap.org/{Z}/{X}/{Y}.png,47.3512,8.5371,0.0075,0.0064
45,1395760580,http://tile.openstreetmap.org/{Z}/{X}/{Y}.png,47.3512,8.5442,0.0075,0.0064
45,1395760580,http://tile.openstreetmap.org/{Z}/{X}/{Y}.png,47.3512,8.5512,0.0075,0.0064
45,1395760580,http://tile.openstreetmap.org/{Z}/{X}/{Y}.png,47.3512,8.5584,0.0074,0.0064
46,1387814394,http://tile.stamen.com/boner/{Z}/{X}/{Y}.jpg,22.7313,120.2499,0.004,0.0046
47,1378098858,http://tile.openstreetmap.org/{Z}/{X}/{Y}.png,37.7801,-122.1813,0.0149,0.0082
48,1401097638,http://tile.openstreetmap.org/{Z}/{X}/{Y}.png,40.648,-8.6422,0.0088,0.0047
49,1387691329,http://tile.stamen.com/boner/{Z}/{X}/{Y}.jpg,22.7263,120.2582,0.0042,0.0027
50,1367162848,http://tile.openstreetmap.org/{Z}/{X}/{Y}.png,68.0529,13.2275,6.8693,1.6253
50,1367162848,http://tile.openstreetmap.org/{Z}/{X}/{Y}.png,68.0529,19.7534,6.8694,1.6253
50,1367162848,http://tile.openstreetmap.org/{Z}/{X}/{Y}.png,66.3686,13.2275,6.8693,1.7432
50,1367162848,http://tile.openstreetmap.org/{Z}/{X}/{Y}.png,66.3686,19.7534,6.8694,1.7432
50,1367162848,http://tile.openstreetmap.org/{Z}/{X}/{Y}.png,64.5631,13.2275,6.8693,1.8678
50,1367162848,http://tile.openstreetmap.org/{Z}/{X}/{Y}.png,64.5631,19.7534,6.8694,1.8678
50,1367162848,http://tile.openstreetmap.org/{Z}/{X}/{Y}.png,62.6295,13.2275,6.8693,1.9993
50,1367162848,http://tile.openstreetmap.org/{Z}/{X}/{Y}.png,62.6295,19.7534,6.8694,1.9993
50,1367162848,http://tile.openstreetmap.org/{Z}/{X}/{Y}.png,60.5612,13.2275,6.8693,2.1374
50,1367162848,http://tile.openstreetmap.org/{Z}/{X}/{Y}.png,60.5612,19.7534,6.8694,2.1374
50,1367162848,http://tile.openstreetmap.org/{Z}/{X}/{Y}.png,58.3516,13.2275,6.8693,2.2818
50,1367162848,http://tile.openstreetmap.org/{Z}/{X}/{Y}.png,58.3516,19.7534,6.8694,2.2818
50,1367162848,http://tile.openstreetmap.org/{Z}/{X}/{Y}.png,55.9946,13.2275,6.8693,2.4322
50,1367162848,http://tile.openstreetmap.org/{Z}/{X}/{Y}.png,55.9946,19.7534,6.8694,2.4322
51,1423258633,http://tile.openstreetmap.org/{Z}/{X}/{Y}.png,44.4676,7.3627,0.0423,0.0211
52,1408002492,http://tile.openstreetmap.org/{Z}/{X}/{Y}.png,-15.7828,35.0043,0.011,0.0075
52,1408002492,http://tile.openstreetmap.org/{Z}/{X}/{Y}.png,-15.7828,35.0153,0.011,0.0075
52,1408002492,http://tile.openstreetmap.org/{Z}/{X}/{Y}.png,-15.7899,35.0043,0.011,0.0074
52,1408002492,http://tile.openstreetmap.org/{Z}/{X}/{Y}.png,-15.7899,35.0153,0.011,0.0074
53,1412250177,http://tile.openstreetmap.org/{Z}/{X}/{Y}.png,47.5703,-52.7272,0.0095,0.0045
54,1381701012,http://tile.openstreetmap.org/{Z}/{X}/{Y}.png,50.8516,11.1638,0.0786,0.0347
54,1381701012,http://tile.openstreetmap.org/{Z}/{X}/{Y}.png,50.8516,11.2424,0.0786,0.0347
54,1381701012,http://tile.openstreetmap.org/{Z}/{X}/{Y}.png,50.8186,11.1638,0.0786,0.0347
54,1381701012,http://tile.openstreetmap.org/{Z}/{X}/{Y}.png,50.8186,11.2424,0.0786,0.0347
55,1404501949,http://tile.openstreetmap.org/{Z}/{X}/{Y}.png,41.6236,2.2877,0.0037,0.0035
55,1404501949,http://tile.openstreetmap.org/{Z}/{X}/{Y}.png,41.6236,2.2912,0.0037,0.0035
55,1404501949,http://tile.openstreetmap.org/{Z}/{X}/{Y}.png,41.6236,2.2948,0.0036,0.0035
55,1404501949,http://tile.openstreetmap.org/{Z}/{X}/{Y}.png,41.6236,2.2984,0.0037,0.0035
55,1404501949,http://tile.openstreetmap.org/{Z}/{X}/{Y}.png,41.6236,2.3018,0.0037,0.0035
55,1404501949,http://tile.openstreetmap.org/{Z}/{X}/{Y}.png,41.6236,2.3053,0.0037,0.0035
55,1404501949,http://tile.openstreetmap.org/{Z}/{X}/{Y}.png,41.6201,2.2877,0.0037,0.0035
55,1404501949,http://tile.openstreetmap.org/{Z}/{X}/{Y}.png,41.6201,2.2912,0.0037,0.0035
55,1404501949,http://tile.openstreetmap.org/{Z}/{X}/{Y}.png,41.6201,2.2948,0.0036,0.0035
55,1404501949,http://tile.openstreetmap.org/{Z}/{X}/{Y}.png,41.6201,2.2984,0.0037,0.0035
55,1404501949,http://tile.openstreetmap.org/{Z}/{X}/{Y}.png,41.6201,2.3018,0.0037,0.0035
55,1404501949,http://tile.openstreetmap.org/{Z}/{X}/{Y}.png,41.6201,2.3053,0.0037,0.0035
55,1404501949,http://tile.openstreetmap.org/{Z}/{X}/{Y}.png,41.6166,2.2877,0.0037,0.0035
55,1404501949,http://tile.openstreetmap.org/{Z}/{X}/{Y}.png,41.6166,2.2912,0.0037,0.0035
55,1404501949,http://tile.openstreetmap.org/{Z}/{X}/{Y}.png,41.6166,2.2948,0.0036,0.0035
55,1404501949,http://tile.openstreetmap.org/{Z}/{X}/{Y}.png,41.6166,2.2984,0.0037,0.0035
55,1404501949,http://tile.openstreetmap.org/{Z}/{X}/{Y}.png,41.6166,2.3018,0.0037,0.0035
55,1404501949,http://tile.openstreetmap.org/{Z}/{X}/{Y}.png,41.6166,2.3053,0.0037,0.0035
55,1404501949,http://tile.openstreetmap.org/{Z}/{X}/{Y}.png,41.6132,2.2877,0.0037,0.0035
55,1404501949,http://tile.openstreetmap.org/{Z}/{X}/{Y}.png,41.6132,2.2912,0.0037,0.0035
55,1404501949,http://tile.openstreetmap.org/{Z}/{X}/{Y}.png,41.6132,2.2948,0.0036,0.0035
55,1404501949,http://tile.openstreetmap.org/{Z}/{X}/{Y}.png,41.6132,2.2984,0.0037,0.0035
55,1404501949,http://tile.openstreetmap.org/{Z}/{X}/{Y}.png,41.6132,2.3018,0.0037,0.0035
55,1404501949,http://tile.openstreetmap.org/{Z}/{X}/{Y}.png,41.6132,2.3053,0.0037,0.0035
56,1345989077,http://tile.stamen.com/toner-lite/{Z}/{X}/{Y}.png,40.6782,-73.9958,0.0389,0.0412
57,1403274789,http://tile.openstreetmap.org/{Z}/{X}/{Y}.png,45.5063,-73.5614,0.0271,0.0241
58,1367953854,http://tile.stamen.com/toner-lite/{Z}/{X}/{Y}.png,49.7511,6.644,0.0056,0.0025
59,1421497637,http://api.tiles.mapbox.com/v3/stamen.i808gmk6/{Z}/{X}/{Y}.png,53.4025,7.6086,0.0063,0.0027
60,1350760257,http://tile.stamen.com/bing-lite/{Z}/{X}/{Y}.jpg,48.3817,-89.2841,0.0772,0.036
60,1350760257,http://tile.stamen.com/bing-lite/{Z}/{X}/{Y}.jpg,48.3817,-89.2069,0.0773,0.036
61,1403360190,http://tile.stamen.com/toner-lite/{Z}/{X}/{Y}.png,45.0927,7.5557,0.0446,0.0221
61,1403360190,http://tile.stamen.com/toner-lite/{Z}/{X}/{Y}.png,45.0927,7.6003,0.0446,0.0221
61,1403360190,http://tile.stamen.com/toner-lite/{Z}/{X}/{Y}.png,45.0927,7.6449,0.0446,0.0221
61,1403360190,http://tile.stamen.com/toner-lite/{Z}/{X}/{Y}.png,45.0927,7.6895,0.0445,0.0221
61,1403360190,http://tile.stamen.com/toner-lite/{Z}/{X}/{Y}.png,45.0718,7.5557,0.0446,0.022
61,1403360190,http://tile.stamen.com/toner-lite/{Z}/{X}/{Y}.png,45.0718,7.6003,0.0446,0.022
61,1403360190,http://tile.stamen.com/toner-lite/{Z}/{X}/{Y}.png,45.0718,7.6449,0.0446,0.022
61,1403360190,http://tile.stamen.com/toner-lite/{Z}/{X}/{Y}.png,45.0718,7.6895,0.0445,0.022
61,1403360190,http://tile.stamen.com/toner-lite/{Z}/{X}/{Y}.png,45.0508,7.5557,0.0446,0.022
61,1403360190,http://tile.stamen.com/toner-lite/{Z}/{X}/{Y}.png,45.0508,7.6003,0.0446,0.022
61,1403360190,http://tile.stamen.com/toner-lite/{Z}/{X}/{Y}.png,45.0508,7.6449,0.0446,0.022
61,1403360190,http://tile.stamen.com/toner-lite/{Z}/{X}/{Y}.png,45.0508,7.6895,0.0445,0.022
61,1403360190,http://tile.stamen.com/toner-lite/{Z}/{X}/{Y}.png,45.0298,7.5557,0.0446,0.022
61,1403360190,http://tile.stamen.com/toner-lite/{Z}/{X}/{Y}.png,45.0298,7.6003,0.0446,0.022
61,1403360190,http://tile.stamen.com/toner-lite/{Z}/{X}/{Y}.png,45.0298,7.6449,0.0446,0.022
61,1403360190,http://tile.stamen.com/toner-lite/{Z}/{X}/{Y}.png,45.0298,7.6895,0.0445,0.022
62,1383662636,http://tile.openstreetmap.org/{Z}/{X}/{Y}.png,37.3936,-5.9934,0.0155,0.0086
63,1367239322,http://tile.openstreetmap.org/{Z}/{X}/{Y}.png,49.96,8.2351,0.1946,0.1586
64,1414861213,http://api.tiles.mapbox.com/v3/stamen.i808gmk6/{Z}/{X}/{Y}.png,9.8643,-83.0232,0.0611,0.0422
65,1408459211,http://tile.openstreetmap.org/{Z}/{X}/{Y}.png,55.8292,-4.1545,0.0773,0.0304
66,1382275498,http://tile.openstreetmap.org/{Z}/{X}/{Y}.png,56.6082,65.8852,0.0773,0.0298
66,1382275498,http://tile.openstreetmap.org/{Z}/{X}/{Y}.png,56.6082,65.9624,0.0772,0.0298
66,1382275498,http://tile.openstreetmap.org/{Z}/{X}/{Y}.png,56.6082,66.0396,0.0773,0.0298
66,1382275498,http://tile.openstreetmap.org/{Z}/{X}/{Y}.png,56.6082,66.1169,0.0772,0.0298
66,1382275498,http://tile.openstreetmap.org/{Z}/{X}/{Y}.png,56.6082,66.1942,0.0773,0.0298
66,1382275498,http://tile.openstreetmap.org/{Z}/{X}/{Y}.png,56.5799,65.8852,0.0773,0.0298
66,1382275498,http://tile.openstreetmap.org/{Z}/{X}/{Y}.png,56.5799,65.9624,0.0772,0.0298
66,1382275498,http://tile.openstreetmap.org/{Z}/{X}/{Y}.png,56.5799,66.0396,0.0773,0.0298
66,1382275498,http://tile.openstreetmap.org/{Z}/{X}/{Y}.png,56.5799,66.1169,0.0772,0.0298
66,1382275498,http://tile.openstreetmap.org/{Z}/{X}/{Y}.png,56.5799,66.1942,0.0773,0.0298
66,1382275498,http://tile.openstreetmap.org/{Z}/{X}/{Y}.png,56.5515,65.8852,0.0773,0.0298
66,1382275498,http://tile.openstreetmap.org/{Z}/{X}/{Y}.png,56.5515,65.9624,0.0772,0.0298
66,1382275498,http://tile.openstreetmap.org/{Z}/{X}/{Y}.png,56.5515,66.0396,0.0773,0.0298
66,1382275498,http://tile.openstreetmap.org/{Z}/{X}/{Y}.png,56.5515,66.1169,0.0772,0.0298
66,1382275498,http://tile.openstreetmap.org/{Z}/{X}/{Y}.png,56.5515,66.1942,0.0773,0.0298
66,1382275498,http://tile.openstreetmap.org/{Z}/{X}/{Y}.png,56.5231,65.8852,0.0773,0.0298
66,1382275498,http://tile.openstreetmap.org/{Z}/{X}/{Y}.png,56.5231,65.9624,0.0772,0.0298
66,1382275498,http://tile.openstreetmap.org/{Z}/{X}/{Y}.png,56.5231,66.0396,0.0773,0.0298
66,1382275498,http://tile.openstreetmap.org/{Z}/{X}/{Y}.png,56.5231,66.1169,0.0772,0.0298
66,1382275498,http://tile.openstreetmap.org/{Z}/{X}/{Y}.png,56.5231,66.1942,0.0773,0.0298
66,1382275498,http://tile.openstreetmap.org/{Z}/{X}/{Y}.png,56.4947,65.8852,0.0773,0.0298
66,1382275498,http://tile.openstreetmap.org/{Z}/{X}/{Y}.png,56.4947,65.9624,0.0772,0.0298
66,1382275498,http://tile.openstreetmap.org/{Z}/{X}/{Y}.png,56.4947,66.0396,0.0773,0.0298
66,1382275498,http://tile.openstreetmap.org/{Z}/{X}/{Y}.png,56.4947,66.1169,0.0772,0.0298
66,1382275498,http://tile.openstreetmap.org/{Z}/{X}/{Y}.png,56.4947,66.1942,0.0773,0.0298
66,1382275498,http://tile.openstreetmap.org/{Z}/{X}/{Y}.png,56.4663,65.8852,0.0773,0.0299
66,1382275498,http://tile.openstreetmap.org/{Z}/{X}/{Y}.png,56.4663,65.9624,0.0772,0.0299
66,1382275498,http://tile.openstreetmap.org/{Z}/{X}/{Y}.png,56.4663,66.0396,0.0773,0.0299
66,1382275498,http://tile.openstreetmap.org/{Z}/{X}/{Y}.png,56.4663,66.1169,0.0772,0.0299
66,1382275498,http://tile.openstreetmap.org/{Z}/{X}/{Y}.png,56.4663,66.1942,0.0773,0.0299
66,1382275498,http://tile.openstreetmap.org/{Z}/{X}/{Y}.png,56.4378,65.8852,0.0773,0.0299
66,1382275498,http://tile.openstreetmap.org/{Z}/{X}/{Y}.png,56.4378,65.9624,0.0772,0.0299
66,1382275498,http://tile.openstreetmap.org/{Z}/{X}/{Y}.png,56.4378,66.0396,0.0773,0.0299
66,1382275498,http://tile.openstreetmap.org/{Z}/{X}/{Y}.png,56.4378,66.1169,0.0772,0.0299
66,1382275498,http://tile.openstreetmap.org/{Z}/{X}/{Y}.png,56.4378,66.1942,0.0773,0.0299
66,1382275498,http://tile.openstreetmap.org/{Z}/{X}/{Y}.png,56.4093,65.8852,0.0773,0.03
66,1382275498,http://tile.openstreetmap.org/{Z}/{X}/{Y}.png,56.4093,65.9624,0.0772,0.03
66,1382275498,http://tile.openstreetmap.org/{Z}/{X}/{Y}.png,56.4093,66.0396,0.0773,0.03
66,1382275498,http://tile.openstreetmap.org/{Z}/{X}/{Y}.png,56.4093,66.1169,0.0772,0.03
66,1382275498,http://tile.openstreetmap.org/{Z}/{X}/{Y}.png,56.4093,66.1942,0.0773,0.03
67,1397099243,http://a.tile.openstreetmap.fr/hot/{Z}/{X}/{Y}.png,-27.6394,153.1052,0.0772,0.048
68,1364530883,http://tile.stamen.com/toner-lite/{Z}/{X}/{Y}.png,-37.3881,144.3232,0.0772,0.0429
69,1382918722,http://tile.stamen.com/toner-lite/{Z}/{X}/{Y}.png,-27.6266,153.0664,0.0772,0.0479
69,1382918722,http://tile.stamen.com/toner-lite/{Z}/{X}/{Y}.png,-27.6266,153.1436,0.0773,0.0479
69,1382918722,http://tile.stamen.com/toner-lite/{Z}/{X}/{Y}.png,-27.6722,153.0664,0.0772,0.0479
69,1382918722,http://tile.stamen.com/toner-lite/{Z}/{X}/{Y}.png,-27.6722,153.1436,0.0773,0.0479
70,1389023152,http://tile.openstreetmap.org/{Z}/{X}/{Y}.png,21.315,-79.4751,11.272,7.344
71,1348105647,http://tile.openstreetmap.org/{Z}/{X}/{Y}.png,-10.1414,123.5987,0.0052,0.0035
71,1348105647,http://tile.openstreetmap.org/{Z}/{X}/{Y}.png,-10.1414,123.6038,0.0051,0.0035
71,1348105647,http://tile.openstreetmap.org/{Z}/{X}/{Y}.png,-10.1414,123.609,0.0052,0.0035
71,1348105647,http://tile.openstreetmap.org/{Z}/{X}/{Y}.png,-10.1414,123.6141,0.0051,0.0035
71,1348105647,http://tile.openstreetmap.org/{Z}/{X}/{Y}.png,-10.1414,123.6193,0.0051,0.0035
71,1348105647,http://tile.openstreetmap.org/{Z}/{X}/{Y}.png,-10.1414,123.6245,0.0052,0.0035
71,1348105647,http://tile.openstreetmap.org/{Z}/{X}/{Y}.png,-10.1448,123.5987,0.0052,0.0036
71,1348105647,http://tile.openstreetmap.org/{Z}/{X}/{Y}.png,-10.1448,123.6038,0.0051,0.0036
71,1348105647,http://tile.openstreetmap.org/{Z}/{X}/{Y}.png,-10.1448,123.609,0.0052,0.0036
71,1348105647,http://tile.openstreetmap.org/{Z}/{X}/{Y}.png,-10.1448,123.6141,0.0051,0.0036
71,1348105647,http://tile.openstreetmap.org/{Z}/{X}/{Y}.png,-10.1448,123.6193,0.0051,0.0036
71,1348105647,http://tile.openstreetmap.org/{Z}/{X}/{Y}.png,-10.1448,123.6245,0.0052,0.0036
71,1348105647,http://tile.openstreetmap.org/{Z}/{X}/{Y}.png,-10.1482,123.5987,0.0052,0.0036
71,1348105647,http://tile.openstreetmap.org/{Z}/{X}/{Y}.png,-10.1482,123.6038,0.0051,0.0036
71,1348105647,http://tile.openstreetmap.org/{Z}/{X}/{Y}.png,-10.1482,123.609,0.0052,0.0036
71,1348105647,http://tile.openstreetmap.org/{Z}/{X}/{Y}.png,-10.1482,123.6141,0.0051,0.0036
71,1348105647,http://tile.openstreetmap.org/{Z}/{X}/{Y}.png,-10.1482,123.6193,0.0051,0.0036
71,1348105647,http://tile.openstreetmap.org/{Z}/{X}/{Y}.png,-10.1482,123.6245,0.0052,0.0036
71,1348105647,http://tile.openstreetmap.org/{Z}/{X}/{Y}.png,-10.1516,123.5987,0.0052,0.0036
71,1348105647,http://tile.openstreetmap.org/{Z}/{X}/{Y}.png,-10.1516,123.6038,0.0051,0.0036
71,1348105647,http://tile.openstreetmap.org/{Z}/{X}/{Y}.png,-10.1516,123.609,0.0052,0.0036
71,1348105647,http://tile.openstreetmap.org/{Z}/{X}/{Y}.png,-10.1516,123.6141,0.0051,0.0036
71,1348105647,http://tile.openstreetmap.org/{Z}/{X}/{Y}.png,-10.1516,123.6193,0.0051,0.0036
71,1348105647,http://tile.openstreetmap.org/{Z}/{X}/{Y}.png,-10.1516,123.6245,0.0052,0.0036
71,1348105647,http://tile.openstreetmap.org/{Z}/{X}/{Y}.png,-10.1549,123.5987,0.0052,0.0035
71,1348105647,http://tile.openstreetmap.org/{Z}/{X}/{Y}.png,-10.1549,123.6038,0.0051,0.0035
71,1348105647,http://tile.openstreetmap.org/{Z}/{X}/{Y}.png,-10.1549,123.609,0.0052,0.0035
71,1348105647,http://tile.openstreetmap.org/{Z}/{X}/{Y}.png,-10.1549,123.6141,0.0051,0.0035
71,1348105647,http://tile.openstreetmap.org/{Z}/{X}/{Y}.png,-10.1549,123.6193,0.0051,0.0035
71,1348105647,http://tile.openstreetmap.org/{Z}/{X}/{Y}.png,-10.1549,123.6245,0.0052,0.0035
71,1348105647,http://tile.openstreetmap.org/{Z}/{X}/{Y}.png,-10.1583,123.5987,0.0052,0.0035
71,1348105647,http://tile.openstreetmap.org/{Z}/{X}/{Y}.png,-10.1583,123.6038,0.0051,0.0035
71,1348105647,http://tile.openstreetmap.org/{Z}/{X}/{Y}.png,-10.1583,123.609,0.0052,0.0035
71,1348105647,http://tile.openstreetmap.org/{Z}/{X}/{Y}.png,-10.1583,123.6141,0.0051,0.0035
71,1348105647,http://tile.openstreetmap.org/{Z}/{X}/{Y}.png,-10.1583,123.6193,0.0051,0.0035
71,1348105647,http://tile.openstreetmap.org/{Z}/{X}/{Y}.png,-10.1583,123.6245,0.0052,0.0035
71,1348105647,http://tile.openstreetmap.org/{Z}/{X}/{Y}.png,-10.1618,123.5987,0.0052,0.0035
71,1348105647,http://tile.openstreetmap.org/{Z}/{X}/{Y}.png,-10.1618,123.6038,0.0051,0.0035
71,1348105647,http://tile.openstreetmap.org/{Z}/{X}/{Y}.png,-10.1618,123.609,0.0052,0.0035
71,1348105647,http://tile.openstreetmap.org/{Z}/{X}/{Y}.png,-10.1618,123.6141,0.0051,0.0035
71,1348105647,http://tile.openstreetmap.org/{Z}/{X}/{Y}.png,-10.1618,123.6193,0.0051,0.0035
71,1348105647,http://tile.openstreetmap.org/{Z}/{X}/{Y}.png,-10.1618,123.6245,0.0052,0.0035
71,1348105647,http://tile.openstreetmap.org/{Z}/{X}/{Y}.png,-10.1652,123.5987,0.0052,0.0035
71,1348105647,http://tile.openstreetmap.org/{Z}/{X}/{Y}.png,-10.1652,123.6038,0.0051,0.0035
71,1348105647,http://tile.openstreetmap.org/{Z}/{X}/{Y}.png,-10.1652,123.609,0.0052,0.0035
71,1348105647,http://tile.openstreetmap.org/{Z}/{X}/{Y}.png,-10.1652,123.6141,0.0051,0.0035
71,1348105647,http://tile.openstreetmap.org/{Z}/{X}/{Y}.png,-10.1652,123.6193,0.0051,0.0035
71,1348105647,http://tile.openstreetmap.org/{Z}/{X}/{Y}.png,-10.1652,123.6245,0.0052,0.0035
72,1421082182,http://tile.openstreetmap.org/{Z}/{X}/{Y}.png,44.1929,5.0053,0.0015,0.0007
72,1421082182,http://tile.openstreetmap.org/{Z}/{X}/{Y}.png,44.1929,5.0068,0.0015,0.0007
72,1421082182,http://tile.openstreetmap.org/{Z}/{X}/{Y}.png,44.1923,5.0053,0.0015,0.0007
72,1421082182,http://tile.openstreetmap.org/{Z}/{X}/{Y}.png,44.1923,5.0068,0.0015,0.0007
72,1421082182,http://tile.openstreetmap.org/{Z}/{X}/{Y}.png,44.1915,5.0053,0.0015,0.0008
72,1421082182,http://tile.openstreetmap.org/{Z}/{X}/{Y}.png,44.1915,5.0068,0.0015,0.0008
73,1374486888,http://tile.openstreetmap.org/{Z}/{X}/{Y}.png,47.4661,8.5627,0.1519,0.0719
73,1374486888,http://tile.openstreetmap.org/{Z}/{X}/{Y}.png,47.4661,8.7145,0.1519,0.0719
74,1403295315,http://tile.openstreetmap.org/{Z}/{X}/{Y}.png,45.5118,-122.7142,0.0773,0.0379
74,1403295315,http://tile.openstreetmap.org/{Z}/{X}/{Y}.png,45.5118,-122.637,0.0772,0.0379
75,1349939713,http://tile.openstreetmap.org/{Z}/{X}/{Y}.png,-8.5911,118.3762,0.061,0.0764
76,1415037982,http://tile.openstreetmap.org/{Z}/{X}/{Y}.png,42.4111,-83.0463,0.0023,0.0021
76,1415037982,http://tile.openstreetmap.org/{Z}/{X}/{Y}.png,42.4111,-83.0443,0.0023,0.0021
76,1415037982,http://tile.openstreetmap.org/{Z}/{X}/{Y}.png,42.4091,-83.0463,0.0023,0.0021
76,1415037982,http://tile.openstreetmap.org/{Z}/{X}/{Y}.png,42.4091,-83.0443,0.0023,0.0021
77,1411355370,http://tile.openstreetmap.org/{Z}/{X}/{Y}.png,-6.1349,106.7233,0.0137,0.0095
78,1391693642,http://tile.stamen.com/toner-lite/{Z}/{X}/{Y}.png,-16.499,-68.185,0.0813,0.0494
78,1391693642,http://tile.stamen.com/toner-lite/{Z}/{X}/{Y}.png,-16.499,-68.1077,0.0813,0.0494
79,1399561376,http://tile.stamen.com/toner-lite/{Z}/{X}/{Y}.png,43.5481,10.373,0.0374,0.0189
79,1399561376,http://tile.stamen.com/toner-lite/{Z}/{X}/{Y}.png,43.5481,10.4104,0.0373,0.0189
79,1399561376,http://tile.stamen.com/toner-lite/{Z}/{X}/{Y}.png,43.5301,10.373,0.0374,0.0189
79,1399561376,http://tile.stamen.com/toner-lite/{Z}/{X}/{Y}.png,43.5301,10.4104,0.0373,0.0189
80,1373098704,http://tile.openstreetmap.org/{Z}/{X}/{Y}.png,23.7267,90.3932,0.0051,0.003
80,1373098704,http://tile.openstreetmap.org/{Z}/{X}/{Y}.png,23.7267,90.398,0.0051,0.003
80,1373098704,http://tile.openstreetmap.org/{Z}/{X}/{Y}.png,23.7267,90.4029,0.0051,0.003
80,1373098704,http://tile.openstreetmap.org/{Z}/{X}/{Y}.png,23.7238,90.3932,0.0051,0.0029
80,1373098704,http://tile.openstreetmap.org/{Z}/{X}/{Y}.png,23.7238,90.398,0.0051,0.0029
80,1373098704,http://tile.openstreetmap.org/{Z}/{X}/{Y}.png,23.7238,90.4029,0.0051,0.0029
80,1373098704,http://tile.openstreetmap.org/{Z}/{X}/{Y}.png,23.7208,90.3932,0.0051,0.003
80,1373098704,http://tile.openstreetmap.org/{Z}/{X}/{Y}.png,23.7208,90.398,0.0051,0.003
80,1373098704,http://tile.openstreetmap.org/{Z}/{X}/{Y}.png,23.7208,90.4029,0.0051,0.003
80,1373098704,http://tile.openstreetmap.org/{Z}/{X}/{Y}.png,23.7178,90.3932,0.0051,0.0029
80,1373098704,http://tile.openstreetmap.org/{Z}/{X}/{Y}.png,23.7178,90.398,0.0051,0.0029
80,1373098704,http://tile.openstreetmap.org/{Z}/{X}/{Y}.png,23.7178,90.4029,0.0051,0.0029
81,1380063438,http://tile.stamen.com/toner-lite/{Z}/{X}/{Y}.png,48.2105,16.3723,0.0557,0.0259
82,1388000021,http://tile.stamen.com/toner-lite/{Z}/{X}/{Y}.png,39.262,-120.1553,0.0772,0.0418
82,1388000021,http://tile.stamen.com/toner-lite/{Z}/{X}/{Y}.png,39.262,-120.078,0.0773,0.0418
82,1388000021,http://tile.stamen.com/toner-lite/{Z}/{X}/{Y}.png,39.262,-120.0008,0.0772,0.0418
82,1388000021,http://tile.stamen.com/toner-lite/{Z}/{X}/{Y}.png,39.262,-119.9236,0.0773,0.0418
82,1388000021,http://tile.stamen.com/toner-lite/{Z}/{X}/{Y}.png,39.2221,-120.1553,0.0772,0.0418
82,1388000021,http://tile.stamen.com/toner-lite/{Z}/{X}/{Y}.png,39.2221,-120.078,0.0773,0.0418
82,1388000021,http://tile.stamen.com/toner-lite/{Z}/{X}/{Y}.png,39.2221,-120.0008,0.0772,0.0418
82,1388000021,http://tile.stamen.com/toner-lite/{Z}/{X}/{Y}.png,39.2221,-119.9236,0.0773,0.0418
82,1388000021,http://tile.stamen.com/toner-lite/{Z}/{X}/{Y}.png,39.1822,-120.1553,0.0772,0.042
82,1388000021,http://tile.stamen.com/toner-lite/{Z}/{X}/{Y}.png,39.1822,-120.078,0.0773,0.042
82,1388000021,http://tile.stamen.com/toner-lite/{Z}/{X}/{Y}.png,39.1822,-120.0008,0.0772,0.042
82,1388000021,http://tile.stamen.com/toner-lite/{Z}/{X}/{Y}.png,39.1822,-119.9236,0.0773,0.042
82,1388000021,http://tile.stamen.com/toner-lite/{Z}/{X}/{Y}.png,39.1423,-120.1553,0.0772,0.0419
82,1388000021,http://tile.stamen.com/toner-lite/{Z}/{X}/{Y}.png,39.1423,-120.078,0.0773,0.0419
82,1388000021,http://tile.stamen.com/toner-lite/{Z}/{X}/{Y}.png,39.1423,-120.0008,0.0772,0.0419
82,1388000021,http://tile.stamen.com/toner-lite/{Z}/{X}/{Y}.png,39.1423,-119.9236,0.0773,0.0419
82,1388000021,http://tile.stamen.com/toner-lite/{Z}/{X}/{Y}.png,39.1023,-120.1553,0.0772,0.042
82,1388000021,http://tile.stamen.com/toner-lite/{Z}/{X}/{Y}.png,39.1023,-120.078,0.0773,0.042
82,1388000021,http://tile.stamen.com/toner-lite/{Z}/{X}/{Y}.png,39.1023,-120.0008,0.0772,0.042
82,1388000021,http://tile.stamen.com/toner-lite/{Z}/{X}/{Y}.png,39.1023,-119.9236,0.0773,0.042
82,1388000021,http://tile.stamen.com/toner-lite/{Z}/{X}/{Y}.png,39.0623,-120.1553,0.0772,0.042
82,1388000021,http://tile.stamen.com/toner-lite/{Z}/{X}/{Y}.png,39.0623,-120.078,0.0773,0.042
82,1388000021,http://tile.stamen.com/toner-lite/{Z}/{X}/{Y}.png,39.0623,-120.0008,0.0772,0.042
82,1388000021,http://tile.stamen.com/toner-lite/{Z}/{X}/{Y}.png,39.0623,-119.9236,0.0773,0.042
82,1388000021,http://tile.stamen.com/toner-lite/{Z}/{X}/{Y}.png,39.0223,-120.1553,0.0772,0.042
82,1388000021,http://tile.stamen.com/toner-lite/{Z}/{X}/{Y}.png,39.0223,-120.078,0.0773,0.042
82,1388000021,http://tile.stamen.com/toner-lite/{Z}/{X}/{Y}.png,39.0223,-120.0008,0.0772,0.042
82,1388000021,http://tile.stamen.com/toner-lite/{Z}/{X}/{Y}.png,39.0223,-119.9236,0.0773,0.042
82,1388000021,http://tile.stamen.com/toner-lite/{Z}/{X}/{Y}.png,38.9823,-120.1553,0.0772,0.042
82,1388000021,http://tile.stamen.com/toner-lite/{Z}/{X}/{Y}.png,38.9823,-120.078,0.0773,0.042
82,1388000021,http://tile.stamen.com/toner-lite/{Z}/{X}/{Y}.png,38.9823,-120.0008,0.0772,0.042
82,1388000021,http://tile.stamen.com/toner-lite/{Z}/{X}/{Y}.png,38.9823,-119.9236,0.0773,0.042
83,1338390217,http://tile.stamen.com/toner-lite/{Z}/{X}/{Y}.png,13.0762,-60.3589,1.5161,1.0337
83,1338390217,http://tile.stamen.com/toner-lite/{Z}/{X}/{Y}.png,13.0762,-58.8427,1.5161,1.0337
84,1414433883,http://a.tile.openstreetmap.fr/hot/{Z}/{X}/{Y}.png,14.0306,-83.3833,0.0189,0.0231
85,1401097837,http://tile.openstreetmap.org/{Z}/{X}/{Y}.png,40.6187,-8.6257,0.0036,0.002
86,1380768299,http://tile.stamen.com/boner/{Z}/{X}/{Y}.jpg,-6.1097,106.796,0.0052,0.0036
86,1380768299,http://tile.stamen.com/boner/{Z}/{X}/{Y}.jpg,-6.1097,106.8012,0.0053,0.0036
86,1380768299,http://tile.stamen.com/boner/{Z}/{X}/{Y}.jpg,-6.1097,106.8065,0.0052,0.0036
86,1380768299,http://tile.stamen.com/boner/{Z}/{X}/{Y}.jpg,-6.1132,106.796,0.0052,0.0036
86,1380768299,http://tile.stamen.com/boner/{Z}/{X}/{Y}.jpg,-6.1132,106.8012,0.0053,0.0036
86,1380768299,http://tile.stamen.com/boner/{Z}/{X}/{Y}.jpg,-6.1132,106.8065,0.0052,0.0036
86,1380768299,http://tile.stamen.com/boner/{Z}/{X}/{Y}.jpg,-6.1166,106.796,0.0052,0.0036
86,1380768299,http://tile.stamen.com/boner/{Z}/{X}/{Y}.jpg,-6.1166,106.8012,0.0053,0.0036
86,1380768299,http://tile.stamen.com/boner/{Z}/{X}/{Y}.jpg,-6.1166,106.8065,0.0052,0.0036
86,1380768299,http://tile.stamen.com/boner/{Z}/{X}/{Y}.jpg,-6.1201,106.796,0.0052,0.0036
86,1380768299,http://tile.stamen.com/boner/{Z}/{X}/{Y}.jpg,-6.1201,106.8012,0.0053,0.0036
86,1380768299,http://tile.stamen.com/boner/{Z}/{X}/{Y}.jpg,-6.1201,106.8065,0.0052,0.0036
86,1380768299,http://tile.stamen.com/boner/{Z}/{X}/{Y}.jpg,-6.1235,106.796,0.0052,0.0037
86,1380768299,http://tile.stamen.com/boner/{Z}/{X}/{Y}.jpg,-6.1235,106.8012,0.0053,0.0037
86,1380768299,http://tile.stamen.com/boner/{Z}/{X}/{Y}.jpg,-6.1235,106.8065,0.0052,0.0037
86,1380768299,http://tile.stamen.com/boner/{Z}/{X}/{Y}.jpg,-6.127,106.796,0.0052,0.0036
86,1380768299,http://tile.stamen.com/boner/{Z}/{X}/{Y}.jpg,-6.127,106.8012,0.0053,0.0036
86,1380768299,http://tile.stamen.com/boner/{Z}/{X}/{Y}.jpg,-6.127,106.8065,0.0052,0.0036
86,1380768299,http://tile.stamen.com/boner/{Z}/{X}/{Y}.jpg,-6.1305,106.796,0.0052,0.0036
86,1380768299,http://tile.stamen.com/boner/{Z}/{X}/{Y}.jpg,-6.1305,106.8012,0.0053,0.0036
86,1380768299,http://tile.stamen.com/boner/{Z}/{X}/{Y}.jpg,-6.1305,106.8065,0.0052,0.0036
87,1350706027,http://tile.openstreetmap.org/{Z}/{X}/{Y}.png,-5.168,119.4125,0.0611,0.0426
88,1338383958,http://tile.stamen.com/toner-lite/{Z}/{X}/{Y}.png,42.2811,-71.2748,0.0809,0.0379
88,1338383958,http://tile.stamen.com/toner-lite/{Z}/{X}/{Y}.png,42.2811,-71.1979,0.0809,0.0379
88,1338383958,http://tile.stamen.com/toner-lite/{Z}/{X}/{Y}.png,42.2811,-71.121,0.0809,0.0379
88,1338383958,http://tile.stamen.com/toner-lite/{Z}/{X}/{Y}.png,42.2432,-71.2748,0.0809,0.038
88,1338383958,http://tile.stamen.com/toner-lite/{Z}/{X}/{Y}.png,42.2432,-71.1979,0.0809,0.038
88,1338383958,http://tile.stamen.com/toner-lite/{Z}/{X}/{Y}.png,42.2432,-71.121,0.0809,0.038
88,1338383958,http://tile.stamen.com/toner-lite/{Z}/{X}/{Y}.png,42.2053,-71.2748,0.0809,0.0379
88,1338383958,http://tile.stamen.com/toner-lite/{Z}/{X}/{Y}.png,42.2053,-71.1979,0.0809,0.0379
88,1338383958,http://tile.stamen.com/toner-lite/{Z}/{X}/{Y}.png,42.2053,-71.121,0.0809,0.0379
89,1375640500,http://tile.openstreetmap.org/{Z}/{X}/{Y}.png,25.0383,121.5222,0.0025,0.0016
89,1375640500,http://tile.openstreetmap.org/{Z}/{X}/{Y}.png,25.0368,121.5222,0.0025,0.0016
90,1395839033,http://tile.openstreetmap.org/{Z}/{X}/{Y}.png,48.3176,14.2714,0.0609,0.0514
90,1395839033,http://tile.openstreetmap.org/{Z}/{X}/{Y}.png,48.3176,14.3294,0.061,0.0514
90,1395839033,http://tile.openstreetmap.org/{Z}/{X}/{Y}.png,48.2662,14.2714,0.0609,0.0514
90,1395839033,http://tile.openstreetmap.org/{Z}/{X}/{Y}.png,48.2662,14.3294,0.061,0.0514
91,1348148203,http://tile.openstreetmap.org/{Z}/{X}/{Y}.png,45.8991,6.1278,0.0108,0.0047
92,1351006863,http://tile.openstreetmap.org/{Z}/{X}/{Y}.png,52.2268,0.125,0.1078,0.0462
92,1351006863,http://tile.openstreetmap.org/{Z}/{X}/{Y}.png,52.1827,0.125,0.1078,0.0462
93,1348714513,http://tile.openstreetmap.org/{Z}/{X}/{Y}.png,42.6419,-73.8036,0.0579,0.0597
93,1348714513,http://tile.openstreetmap.org/{Z}/{X}/{Y}.png,42.6419,-73.7457,0.0579,0.0597
94,1367506705,http://tile.stamen.com/toner-lite/{Z}/{X}/{Y}.png,59.385,17.8187,0.0944,0.0304
94,1367506705,http://tile.stamen.com/toner-lite/{Z}/{X}/{Y}.png,59.385,17.9083,0.0943,0.0304
94,1367506705,http://tile.stamen.com/toner-lite/{Z}/{X}/{Y}.png,59.3546,17.8187,0.0944,0.0305
94,1367506705,http://tile.stamen.com/toner-lite/{Z}/{X}/{Y}.png,59.3546,17.9083,0.0943,0.0305
95,1350653991,http://tile.stamen.com/toner-lite/{Z}/{X}/{Y}.png,51.5336,9.935,0.0269,0.0117
96,1400269222,http://tile.openstreetmap.org/{Z}/{X}/{Y}.png,50.9031,4.2807,0.0797,0.0352
96,1400269222,http://tile.openstreetmap.org/{Z}/{X}/{Y}.png,50.9031,4.3605,0.0797,0.0352
96,1400269222,http://tile.openstreetmap.org/{Z}/{X}/{Y}.png,50.9031,4.4402,0.0797,0.0352
96,1400269222,http://tile.openstreetmap.org/{Z}/{X}/{Y}.png,50.8696,4.2807,0.0797,0.0352
96,1400269222,http://tile.openstreetmap.org/{Z}/{X}/{Y}.png,50.8696,4.3605,0.0797,0.0352
96,1400269222,http://tile.openstreetmap.org/{Z}/{X}/{Y}.png,50.8696,4.4402,0.0797,0.0352
96,1400269222,http://tile.openstreetmap.org/{Z}/{X}/{Y}.png,50.8361,4.2807,0.0797,0.0353
96,1400269222,http://tile.openstreetmap.org/{Z}/{X}/{Y}.png,50.8361,4.3605,0.0797,0.0353
96,1400269222,http://tile.openstreetmap.org/{Z}/{X}/{Y}.png,50.8361,4.4402,0.0797,0.0353
96,1400269222,http://tile.openstreetmap.org/{Z}/{X}/{Y}.png,50.8024,4.2807,0.0797,0.0353
96,1400269222,http://tile.openstreetmap.org/{Z}/{X}/{Y}.png,50.8024,4.3605,0.0797,0.0353
96,1400269222,http://tile.openstreetmap.org/{Z}/{X}/{Y}.png,50.8024,4.4402,0.0797,0.0353
96,1400269222,http://tile.openstreetmap.org/{Z}/{X}/{Y}.png,50.7689,4.2807,0.0797,0.0353
96,1400269222,http://tile.openstreetmap.org/{Z}/{X}/{Y}.png,50.7689,4.3605,0.0797,0.0353
96,1400269222,http://tile.openstreetmap.org/{Z}/{X}/{Y}.png,50.7689,4.4402,0.0797,0.0353
97,1407941613,http://tile.openstreetmap.org/{Z}/{X}/{Y}.png,36.2223,27.6117,0.061,0.0623
98,1357475943,http://tile.stamen.com/toner-lite/{Z}/{X}/{Y}.png,53.5231,18.7858,0.0298,0.0124
98,1357475943,http://tile.stamen.com/toner-lite/{Z}/{X}/{Y}.png,53.5112,18.7858,0.0298,0.0124
99,1411352432,http://tile.openstreetmap.org/{Z}/{X}/{Y}.png,-6.2183,106.8604,0.0068,0.0048
100,1375629904,http://tile.openstreetmap.org/{Z}/{X}/{Y}.png,1.3029,103.7827,0.1174,0.0822
100,1375629904,http://tile.openstreetmap.org/{Z}/{X}/{Y}.png,1.3029,103.9001,0.1174,0.0822
101,1394714533,http://tile.openstreetmap.org/{Z}/{X}/{Y}.png,52.0532,4.3136,0.0107,0.0083
101,1394714533,http://tile.openstreetmap.org/{Z}/{X}/{Y}.png,52.0532,4.4055,0.0107,0.0083
101,1394714533,http://tile.openstreetmap.org/{Z}/{X}/{Y}.png,52.0532,4.4158,0.0108,0.0083
101,1394714533,http://tile.openstreetmap.org/{Z}/{X}/{Y}.png,52.0532,4.426,0.0108,0.0083
101,1394714533,http://tile.openstreetmap.org/{Z}/{X}/{Y}.png,52.0532,4.4362,0.0108,0.0083
101,1394714533,http://tile.openstreetmap.org/{Z}/{X}/{Y}.png,52.0532,4.4464,0.0108,0.0083
101,1394714534,http://tile.openstreetmap.org/{Z}/{X}/{Y}.png,52.0532,4.4566,0.0108,0.0083
101,1394714533,http://tile.openstreetmap.org/{Z}/{X}/{Y}.png,52.0532,4.3239,0.0108,0.0083
101,1394714533,http://tile.openstreetmap.org/{Z}/{X}/{Y}.png,52.0532,4.3341,0.0108,0.0083
101,1394714533,http://tile.openstreetmap.org/{Z}/{X}/{Y}.png,52.0532,4.3443,0.0108,0.0083
101,1394714533,http://tile.openstreetmap.org/{Z}/{X}/{Y}.png,52.0532,4.3545,0.0108,0.0083
101,1394714533,http://tile.openstreetmap.org/{Z}/{X}/{Y}.png,52.0532,4.3647,0.0107,0.0083
101,1394714533,http://tile.openstreetmap.org/{Z}/{X}/{Y}.png,52.0532,4.375,0.0107,0.0083
101,1394714533,http://tile.openstreetmap.org/{Z}/{X}/{Y}.png,52.0532,4.3852,0.0107,0.0083
101,1394714533,http://tile.openstreetmap.org/{Z}/{X}/{Y}.png,52.0532,4.3953,0.0107,0.0083
101,1394714534,http://tile.openstreetmap.org/{Z}/{X}/{Y}.png,52.0448,4.3136,0.0107,0.0084
101,1394714534,http://tile.openstreetmap.org/{Z}/{X}/{Y}.png,52.0448,4.4055,0.0107,0.0084
101,1394714534,http://tile.openstreetmap.org/{Z}/{X}/{Y}.png,52.0448,4.4158,0.0108,0.0084
101,1394714534,http://tile.openstreetmap.org/{Z}/{X}/{Y}.png,52.0448,4.426,0.0108,0.0084
101,1394714534,http://tile.openstreetmap.org/{Z}/{X}/{Y}.png,52.0448,4.4362,0.0108,0.0084
101,1394714534,http://tile.openstreetmap.org/{Z}/{X}/{Y}.png,52.0448,4.4464,0.0108,0.0084
101,1394714534,http://tile.openstreetmap.org/{Z}/{X}/{Y}.png,52.0448,4.4566,0.0108,0.0084
101,1394714534,http://tile.openstreetmap.org/{Z}/{X}/{Y}.png,52.0448,4.3239,0.0108,0.0084
101,1394714534,http://tile.openstreetmap.org/{Z}/{X}/{Y}.png,52.0448,4.3341,0.0108,0.0084
101,1394714534,http://tile.openstreetmap.org/{Z}/{X}/{Y}.png,52.0448,4.3443,0.0108,0.0084
101,1394714534,http://tile.openstreetmap.org/{Z}/{X}/{Y}.png,52.0448,4.3545,0.0108,0.0084
101,1394714534,http://tile.openstreetmap.org/{Z}/{X}/{Y}.png,52.0448,4.3647,0.0107,0.0084
101,1394714534,http://tile.openstreetmap.org/{Z}/{X}/{Y}.png,52.0448,4.375,0.0107,0.0084
101,1394714534,http://tile.openstreetmap.org/{Z}/{X}/{Y}.png,52.0448,4.3852,0.0107,0.0084
101,1394714534,http://tile.openstreetmap.org/{Z}/{X}/{Y}.png,52.0448,4.3953,0.0107,0.0084
101,1394714534,http://tile.openstreetmap.org/{Z}/{X}/{Y}.png,52.0364,4.3136,0.0107,0.0084
101,1394714534,http://tile.openstreetmap.org/{Z}/{X}/{Y}.png,52.0364,4.4055,0.0107,0.0084
101,1394714534,http://tile.openstreetmap.org/{Z}/{X}/{Y}.png,52.0364,4.4158,0.0108,0.0084
101,1394714534,http://tile.openstreetmap.org/{Z}/{X}/{Y}.png,52.0364,4.426,0.0108,0.0084
101,1394714534,http://tile.openstreetmap.org/{Z}/{X}/{Y}.png,52.0364,4.4362,0.0108,0.0084
101,1394714534,http://tile.openstreetmap.org/{Z}/{X}/{Y}.png,52.0364,4.4464,0.0108,0.0084
101,1394714534,http://tile.openstreetmap.org/{Z}/{X}/{Y}.png,52.0364,4.4566,0.0108,0.0084
101,1394714534,http://tile.openstreetmap.org/{Z}/{X}/{Y}.png,52.0364,4.3239,0.0108,0.0084
101,1394714534,http://tile.openstreetmap.org/{Z}/{X}/{Y}.png,52.0364,4.3341,0.0108,0.0084
101,1394714534,http://tile.openstreetmap.org/{Z}/{X}/{Y}.png,52.0364,4.3443,0.0108,0.0084
101,1394714534,http://tile.openstreetmap.org/{Z}/{X}/{Y}.png,52.0364,4.3545,0.0108,0.0084
101,1394714534,http://tile.openstreetmap.org/{Z}/{X}/{Y}.png,52.0364,4.3647,0.0107,0.0084
101,1394714534,http://tile.openstreetmap.org/{Z}/{X}/{Y}.png,52.0364,4.375,0.0107,0.0084
101,1394714534,http://tile.openstreetmap.org/{Z}/{X}/{Y}.png,52.0364,4.3852,0.0107,0.0084
101,1394714534,http://tile.openstreetmap.org/{Z}/{X}/{Y}.png,52.0364,4.3953,0.0107,0.0084
101,1394714534,http://tile.openstreetmap.org/{Z}/{X}/{Y}.png,52.028,4.3136,0.0107,0.0084
101,1394714534,http://tile.openstreetmap.org/{Z}/{X}/{Y}.png,52.028,4.4055,0.0107,0.0084
101,1394714534,http://tile.openstreetmap.org/{Z}/{X}/{Y}.png,52.028,4.4158,0.0108,0.0084
101,1394714534,http://tile.openstreetmap.org/{Z}/{X}/{Y}.png,52.028,4.426,0.0108,0.0084
101,1394714534,http://tile.openstreetmap.org/{Z}/{X}/{Y}.png,52.028,4.4362,0.0108,0.0084
101,1394714534,http://tile.openstreetmap.org/{Z}/{X}/{Y}.png,52.028,4.4464,0.0108,0.0084
101,1394714534,http://tile.openstreetmap.org/{Z}/{X}/{Y}.png,52.028,4.4566,0.0108,0.0084
101,1394714534,http://tile.openstreetmap.org/{Z}/{X}/{Y}.png,52.028,4.3239,0.0108,0.0084
101,1394714534,http://tile.openstreetmap.org/{Z}/{X}/{Y}.png,52.028,4.3341,0.0108,0.0084
101,1394714534,http://tile.openstreetmap.org/{Z}/{X}/{Y}.png,52.028,4.3443,0.0108,0.0084
101,1394714534,http://tile.openstreetmap.org/{Z}/{X}/{Y}.png,52.028,4.3545,0.0108,0.0084
101,1394714534,http://tile.openstreetmap.org/{Z}/{X}/{Y}.png,52.028,4.3647,0.0107,0.0084
101,1394714534,http://tile.openstreetmap.org/{Z}/{X}/{Y}.png,52.028,4.375,0.0107,0.0084
101,1394714534,http://tile.openstreetmap.org/{Z}/{X}/{Y}.png,52.028,4.3852,0.0107,0.0084
101,1394714534,http://tile.openstreetmap.org/{Z}/{X}/{Y}.png,52.028,4.3953,0.0107,0.0084
101,1394714534,http://tile.openstreetmap.org/{Z}/{X}/{Y}.png,52.0196,4.3136,0.0107,0.0083
101,1394714534,http://tile.openstreetmap.org/{Z}/{X}/{Y}.png,52.0196,4.4055,0.0107,0.0083
101,1394714534,http://tile.openstreetmap.org/{Z}/{X}/{Y}.png,52.0196,4.4158,0.0108,0.0083
101,1394714534,http://tile.openstreetmap.org/{Z}/{X}/{Y}.png,52.0196,4.426,0.0108,0.0083
101,1394714534,http://tile.openstreetmap.org/{Z}/{X}/{Y}.png,52.0196,4.4362,0.0108,0.0083
101,1394714534,http://tile.openstreetmap.org/{Z}/{X}/{Y}.png,52.0196,4.4464,0.0108,0.0083
101,1394714534,http://tile.openstreetmap.org/{Z}/{X}/{Y}.png,52.0196,4.4566,0.0108,0.0083
101,1394714534,http://tile.openstreetmap.org/{Z}/{X}/{Y}.png,52.0196,4.3239,0.0108,0.0083
101,1394714534,http://tile.openstreetmap.org/{Z}/{X}/{Y}.png,52.0196,4.3341,0.0108,0.0083
101,1394714534,http://tile.openstreetmap.org/{Z}/{X}/{Y}.png,52.0196,4.3443,0.0108,0.0083
101,1394714534,http://tile.openstreetmap.org/{Z}/{X}/{Y}.png,52.0196,4.3545,0.0108,0.0083
101,1394714534,http://tile.openstreetmap.org/{Z}/{X}/{Y}.png,52.0196,4.3647,0.0107,0.0083
101,1394714534,http://tile.openstreetmap.org/{Z}/{X}/{Y}.png,52.0196,4.375,0.0107,0.0083
101,1394714534,http://tile.openstreetmap.org/{Z}/{X}/{Y}.png,52.0196,4.3852,0.0107,0.0083
101,1394714534,http://tile.openstreetmap.org/{Z}/{X}/{Y}.png,52.0196,4.3953,0.0107,0.0083
101,1394714534,http://tile.openstreetmap.org/{Z}/{X}/{Y}.png,52.0113,4.3136,0.0107,0.0084
101,1394714534,http://tile.openstreetmap.org/{Z}/{X}/{Y}.png,52.0113,4.4055,0.0107,0.0084
101,1394714534,http://tile.openstreetmap.org/{Z}/{X}/{Y}.png,52.0113,4.4158,0.0108,0.0084
101,1394714534,http://tile.openstreetmap.org/{Z}/{X}/{Y}.png,52.0113,4.426,0.0108,0.0084
101,1394714534,http://tile.openstreetmap.org/{Z}/{X}/{Y}.png,52.0113,4.4362,0.0108,0.0084
101,1394714534,http://tile.openstreetmap.org/{Z}/{X}/{Y}.png,52.0113,4.4464,0.0108,0.0084
101,1394714534,http://tile.openstreetmap.org/{Z}/{X}/{Y}.png,52.0113,4.4566,0.0108,0.0084
101,1394714534,http://tile.openstreetmap.org/{Z}/{X}/{Y}.png,52.0113,4.3239,0.0108,0.0084
101,1394714534,http://tile.openstreetmap.org/{Z}/{X}/{Y}.png,52.0113,4.3341,0.0108,0.0084
101,1394714534,http://tile.openstreetmap.org/{Z}/{X}/{Y}.png,52.0113,4.3443,0.0108,0.0084
101,1394714534,http://tile.openstreetmap.org/{Z}/{X}/{Y}.png,52.0113,4.3545,0.0108,0.0084
101,1394714534,http://tile.openstreetmap.org/{Z}/{X}/{Y}.png,52.0113,4.3647,0.0107,0.0084
101,1394714534,http://tile.openstreetmap.org/{Z}/{X}/{Y}.png,52.0113,4.375,0.0107,0.0084
101,1394714534,http://tile.openstreetmap.org/{Z}/{X}/{Y}.png,52.0113,4.3852,0.0107,0.0084
101,1394714534,http://tile.openstreetmap.org/{Z}/{X}/{Y}.png,52.0113,4.3953,0.0107,0.0084
101,1394714534,http://tile.openstreetmap.org/{Z}/{X}/{Y}.png,52.0029,4.3136,0.0107,0.0084
101,1394714534,http://tile.openstreetmap.org/{Z}/{X}/{Y}.png,52.0029,4.4055,0.0107,0.0084
101,1394714534,http://tile.openstreetmap.org/{Z}/{X}/{Y}.png,52.0029,4.4158,0.0108,0.0084
101,1394714534,http://tile.openstreetmap.org/{Z}/{X}/{Y}.png,52.0029,4.426,0.0108,0.0084
101,1394714534,http://tile.openstreetmap.org/{Z}/{X}/{Y}.png,52.0029,4.4362,0.0108,0.0084
101,1394714534,http://tile.openstreetmap.org/{Z}/{X}/{Y}.png,52.0029,4.4464,0.0108,0.0084
101,1394714534,http://tile.openstreetmap.org/{Z}/{X}/{Y}.png,52.0029,4.4566,0.0108,0.0084
101,1394714534,http://tile.openstreetmap.org/{Z}/{X}/{Y}.png,52.0029,4.3239,0.0108,0.0084
101,1394714534,http://tile.openstreetmap.org/{Z}/{X}/{Y}.png,52.0029,4.3341,0.0108,0.0084
101,1394714534,http://tile.openstreetmap.org/{Z}/{X}/{Y}.png,52.0029,4.3443,0.0108,0.0084
101,1394714534,http://tile.openstreetmap.org/{Z}/{X}/{Y}.png,52.0029,4.3545,0.0108,0.0084
101,1394714534,http://tile.openstreetmap.org/{Z}/{X}/{Y}.png,52.0029,4.3647,0.0107,0.0084
101,1394714534,http://tile.openstreetmap.org/{Z}/{X}/{Y}.png,52.0029,4.375,0.0107,0.0084
101,1394714534,http://tile.openstreetmap.org/{Z}/{X}/{Y}.png,52.0029,4.3852,0.0107,0.0084
101,1394714534,http://tile.openstreetmap.org/{Z}/{X}/{Y}.png,52.0029,4.3953,0.0107,0.0084
101,1394714534,http://tile.openstreetmap.org/{Z}/{X}/{Y}.png,51.9945,4.3136,0.0107,0.0084
101,1394714534,http://tile.openstreetmap.org/{Z}/{X}/{Y}.png,51.9945,4.4055,0.0107,0.0084
101,1394714534,http://tile.openstreetmap.org/{Z}/{X}/{Y}.png,51.9945,4.4158,0.0108,0.0084
101,1394714534,http://tile.openstreetmap.org/{Z}/{X}/{Y}.png,51.9945,4.426,0.0108,0.0084
101,1394714534,http://tile.openstreetmap.org/{Z}/{X}/{Y}.png,51.9945,4.4362,0.0108,0.0084
101,1394714534,http://tile.openstreetmap.org/{Z}/{X}/{Y}.png,51.9945,4.4464,0.0108,0.0084
101,1394714534,http://tile.openstreetmap.org/{Z}/{X}/{Y}.png,51.9945,4.4566,0.0108,0.0084
101,1394714534,http://tile.openstreetmap.org/{Z}/{X}/{Y}.png,51.9945,4.3239,0.0108,0.0084
101,1394714534,http://tile.openstreetmap.org/{Z}/{X}/{Y}.png,51.9945,4.3341,0.0108,0.0084
101,1394714534,http://tile.openstreetmap.org/{Z}/{X}/{Y}.png,51.9945,4.3443,0.0108,0.0084
101,1394714534,http://tile.openstreetmap.org/{Z}/{X}/{Y}.png,51.9945,4.3545,0.0108,0.0084
101,1394714534,http://tile.openstreetmap.org/{Z}/{X}/{Y}.png,51.9945,4.3647,0.0107,0.0084
101,1394714534,http://tile.openstreetmap.org/{Z}/{X}/{Y}.png,51.9945,4.375,0.0107,0.0084
101,1394714534,http://tile.openstreetmap.org/{Z}/{X}/{Y}.png,51.9945,4.3852,0.0107,0.0084
101,1394714534,http://tile.openstreetmap.org/{Z}/{X}/{Y}.png,51.9945,4.3953,0.0107,0.0084
101,1394714534,http://tile.openstreetmap.org/{Z}/{X}/{Y}.png,51.9861,4.3136,0.0107,0.0084
101,1394714534,http://tile.openstreetmap.org/{Z}/{X}/{Y}.png,51.9861,4.4055,0.0107,0.0084
101,1394714534,http://tile.openstreetmap.org/{Z}/{X}/{Y}.png,51.9861,4.4158,0.0108,0.0084
101,1394714534,http://tile.openstreetmap.org/{Z}/{X}/{Y}.png,51.9861,4.426,0.0108,0.0084
101,1394714534,http://tile.openstreetmap.org/{Z}/{X}/{Y}.png,51.9861,4.4362,0.0108,0.0084
101,1394714534,http://tile.openstreetmap.org/{Z}/{X}/{Y}.png,51.9861,4.4464,0.0108,0.0084
101,1394714534,http://tile.openstreetmap.org/{Z}/{X}/{Y}.png,51.9861,4.4566,0.0108,0.0084
101,1394714534,http://tile.openstreetmap.org/{Z}/{X}/{Y}.png,51.9861,4.3239,0.0108,0.0084
101,1394714534,http://tile.openstreetmap.org/{Z}/{X}/{Y}.png,51.9861,4.3341,0.0108,0.0084
101,1394714534,http://tile.openstreetmap.org/{Z}/{X}/{Y}.png,51.9861,4.3443,0.0108,0.0084
101,1394714534,http://tile.openstreetmap.org/{Z}/{X}/{Y}.png,51.9861,4.3545,0.0108,0.0084
101,1394714534,http://tile.openstreetmap.org/{Z}/{X}/{Y}.png,51.9861,4.3647,0.0107,0.0084
101,1394714534,http://tile.openstreetmap.org/{Z}/{X}/{Y}.png,51.9861,4.375,0.0107,0.0084
101,1394714534,http://tile.openstreetmap.org/{Z}/{X}/{Y}.png,51.9861,4.3852,0.0107,0.0084
101,1394714534,http://tile.openstreetmap.org/{Z}/{X}/{Y}.png,51.9861,4.3953,0.0107,0.0084
101,1394714534,http://tile.openstreetmap.org/{Z}/{X}/{Y}.png,51.9778,4.3136,0.0107,0.0083
101,1394714534,http://tile.openstreetmap.org/{Z}/{X}/{Y}.png,51.9778,4.4055,0.0107,0.0083
101,1394714534,http://tile.openstreetmap.org/{Z}/{X}/{Y}.png,51.9778,4.4158,0.0108,0.0083
101,1394714534,http://tile.openstreetmap.org/{Z}/{X}/{Y}.png,51.9778,4.426,0.0108,0.0083
101,1394714534,http://tile.openstreetmap.org/{Z}/{X}/{Y}.png,51.9778,4.4362,0.0108,0.0083
101,1394714534,http://tile.openstreetmap.org/{Z}/{X}/{Y}.png,51.9778,4.4464,0.0108,0.0083
101,1394714534,http://tile.openstreetmap.org/{Z}/{X}/{Y}.png,51.9778,4.4566,0.0108,0.0083
101,1394714534,http://tile.openstreetmap.org/{Z}/{X}/{Y}.png,51.9778,4.3239,0.0108,0.0083
101,1394714534,http://tile.openstreetmap.org/{Z}/{X}/{Y}.png,51.9778,4.3341,0.0108,0.0083
101,1394714534,http://tile.openstreetmap.org/{Z}/{X}/{Y}.png,51.9778,4.3443,0.0108,0.0083
101,1394714534,http://tile.openstreetmap.org/{Z}/{X}/{Y}.png,51.9778,4.3545,0.0108,0.0083
101,1394714534,http://tile.openstreetmap.org/{Z}/{X}/{Y}.png,51.9778,4.3647,0.0107,0.0083
101,1394714534,http://tile.openstreetmap.org/{Z}/{X}/{Y}.png,51.9778,4.375,0.0107,0.0083
101,1394714534,http://tile.openstreetmap.org/{Z}/{X}/{Y}.png,51.9778,4.3852,0.0107,0.0083
101,1394714534,http://tile.openstreetmap.org/{Z}/{X}/{Y}.png,51.9778,4.3953,0.0107,0.0083
102,1348712963,http://tile.stamen.com/toner-lite/{Z}/{X}/{Y}.png,48.8536,2.3472,0.2537,0.1168
103,1373790563,http://tile.openstreetmap.org/{Z}/{X}/{Y}.png,45.9445,10.0346,0.2529,0.2227
104,1408690650,http://tile.openstreetmap.org/{Z}/{X}/{Y}.png,47.3775,20.0948,0.023,0.0109
104,1408690650,http://tile.openstreetmap.org/{Z}/{X}/{Y}.png,47.3671,20.0948,0.023,0.0109
105,1399243791,http://tile.openstreetmap.org/{Z}/{X}/{Y}.png,34.8402,134.6875,0.008,0.0084
105,1399243791,http://tile.openstreetmap.org/{Z}/{X}/{Y}.png,34.8402,134.6952,0.0081,0.0084
105,1399243791,http://tile.openstreetmap.org/{Z}/{X}/{Y}.png,34.8319,134.6875,0.008,0.0083
105,1399243791,http://tile.openstreetmap.org/{Z}/{X}/{Y}.png,34.8319,134.6952,0.0081,0.0083
105,1399243791,http://tile.openstreetmap.org/{Z}/{X}/{Y}.png,34.8235,134.6875,0.008,0.0084
105,1399243791,http://tile.openstreetmap.org/{Z}/{X}/{Y}.png,34.8235,134.6952,0.0081,0.0084
106,1419081817,http://tile.openstreetmap.org/{Z}/{X}/{Y}.png,27.0554,90.3845,5.5756,3.475
106,1419081817,http://tile.openstreetmap.org/{Z}/{X}/{Y}.png,27.0554,95.9601,5.5756,3.475
106,1419081817,http://tile.openstreetmap.org/{Z}/{X}/{Y}.png,27.0554,101.5357,5.5755,3.475
106,1419081817,http://tile.openstreetmap.org/{Z}/{X}/{Y}.png,27.0554,107.1112,5.5756,3.475
106,1419081817,http://tile.openstreetmap.org/{Z}/{X}/{Y}.png,23.6977,90.3845,5.5756,3.573
106,1419081817,http://tile.openstreetmap.org/{Z}/{X}/{Y}.png,23.6977,95.9601,5.5756,3.573
106,1419081817,http://tile.openstreetmap.org/{Z}/{X}/{Y}.png,23.6977,101.5357,5.5755,3.573
106,1419081817,http://tile.openstreetmap.org/{Z}/{X}/{Y}.png,23.6977,107.1112,5.5756,3.573
106,1419081817,http://tile.openstreetmap.org/{Z}/{X}/{Y}.png,20.2566,90.3845,5.5756,3.6607
106,1419081817,http://tile.openstreetmap.org/{Z}/{X}/{Y}.png,20.2566,95.9601,5.5756,3.6607
106,1419081817,http://tile.openstreetmap.org/{Z}/{X}/{Y}.png,20.2566,101.5357,5.5755,3.6607
106,1419081817,http://tile.openstreetmap.org/{Z}/{X}/{Y}.png,20.2566,107.1112,5.5756,3.6607
106,1419081817,http://tile.openstreetmap.org/{Z}/{X}/{Y}.png,16.7323,90.3845,5.5756,3.7369
106,1419081817,http://tile.openstreetmap.org/{Z}/{X}/{Y}.png,16.7323,95.9601,5.5756,3.7369
106,1419081817,http://tile.openstreetmap.org/{Z}/{X}/{Y}.png,16.7323,101.5357,5.5755,3.7369
106,1419081817,http://tile.openstreetmap.org/{Z}/{X}/{Y}.png,16.7323,107.1112,5.5756,3.7369
106,1419081817,http://tile.openstreetmap.org/{Z}/{X}/{Y}.png,13.1417,90.3845,5.5756,3.7999
106,1419081817,http://tile.openstreetmap.org/{Z}/{X}/{Y}.png,13.1417,95.9601,5.5756,3.7999
106,1419081817,http://tile.openstreetmap.org/{Z}/{X}/{Y}.png,13.1417,101.5357,5.5755,3.7999
106,1419081817,http://tile.openstreetmap.org/{Z}/{X}/{Y}.png,13.1417,107.1112,5.5756,3.7999
106,1419081817,http://tile.openstreetmap.org/{Z}/{X}/{Y}.png,9.5032,90.3845,5.5756,3.8485
106,1419081817,http://tile.openstreetmap.org/{Z}/{X}/{Y}.png,9.5032,95.9601,5.5756,3.8485
106,1419081817,http://tile.openstreetmap.org/{Z}/{X}/{Y}.png,9.5032,101.5357,5.5755,3.8485
106,1419081817,http://tile.openstreetmap.org/{Z}/{X}/{Y}.png,9.5032,107.1112,5.5756,3.8485
107,1406273051,http://tile.openstreetmap.org/{Z}/{X}/{Y}.png,47.1124,15.6997,0.0031,0.0015
107,1406273051,http://tile.openstreetmap.org/{Z}/{X}/{Y}.png,47.1124,15.7028,0.003,0.0015
107,1406273051,http://tile.openstreetmap.org/{Z}/{X}/{Y}.png,47.1124,15.7058,0.003,0.0015
107,1406273051,http://tile.openstreetmap.org/{Z}/{X}/{Y}.png,47.1124,15.7088,0.0031,0.0015
107,1406273051,http://tile.openstreetmap.org/{Z}/{X}/{Y}.png,47.1111,15.6997,0.0031,0.0014
107,1406273051,http://tile.openstreetmap.org/{Z}/{X}/{Y}.png,47.1111,15.7028,0.003,0.0014
107,1406273051,http://tile.openstreetmap.org/{Z}/{X}/{Y}.png,47.1111,15.7058,0.003,0.0014
107,1406273051,http://tile.openstreetmap.org/{Z}/{X}/{Y}.png,47.1111,15.7088,0.0031,0.0014
107,1406273051,http://tile.openstreetmap.org/{Z}/{X}/{Y}.png,47.1097,15.6997,0.0031,0.0014
107,1406273051,http://tile.openstreetmap.org/{Z}/{X}/{Y}.png,47.1097,15.7028,0.003,0.0014
107,1406273051,http://tile.openstreetmap.org/{Z}/{X}/{Y}.png,47.1097,15.7058,0.003,0.0014
107,1406273051,http://tile.openstreetmap.org/{Z}/{X}/{Y}.png,47.1097,15.7088,0.0031,0.0014
107,1406273051,http://tile.openstreetmap.org/{Z}/{X}/{Y}.png,47.1084,15.6997,0.0031,0.0015
107,1406273051,http://tile.openstreetmap.org/{Z}/{X}/{Y}.png,47.1084,15.7028,0.003,0.0015
107,1406273051,http://tile.openstreetmap.org/{Z}/{X}/{Y}.png,47.1084,15.7058,0.003,0.0015
107,1406273051,http://tile.openstreetmap.org/{Z}/{X}/{Y}.png,47.1084,15.7088,0.0031,0.0015
107,1406273051,http://tile.openstreetmap.org/{Z}/{X}/{Y}.png,47.1069,15.6997,0.0031,0.0015
107,1406273051,http://tile.openstreetmap.org/{Z}/{X}/{Y}.png,47.1069,15.7028,0.003,0.0015
107,1406273051,http://tile.openstreetmap.org/{Z}/{X}/{Y}.png,47.1069,15.7058,0.003,0.0015
107,1406273051,http://tile.openstreetmap.org/{Z}/{X}/{Y}.png,47.1069,15.7088,0.0031,0.0015
107,1406273051,http://tile.openstreetmap.org/{Z}/{X}/{Y}.png,47.1056,15.6997,0.0031,0.0014
107,1406273051,http://tile.openstreetmap.org/{Z}/{X}/{Y}.png,47.1056,15.7028,0.003,0.0014
107,1406273051,http://tile.openstreetmap.org/{Z}/{X}/{Y}.png,47.1056,15.7058,0.003,0.0014
107,1406273051,http://tile.openstreetmap.org/{Z}/{X}/{Y}.png,47.1056,15.7088,0.0031,0.0014
108,1411619139,http://tile.openstreetmap.org/{Z}/{X}/{Y}.png,-6.1995,106.8086,0.008,0.0056
109,1407046319,http://tile.stamen.com/boner/{Z}/{X}/{Y}.jpg,41.5008,115.8875,0.0671,0.0352
109,1407046319,http://tile.stamen.com/boner/{Z}/{X}/{Y}.jpg,41.5008,116.4915,0.0671,0.0352
109,1407046319,http://tile.stamen.com/boner/{Z}/{X}/{Y}.jpg,41.5008,116.5587,0.0671,0.0352
109,1407046319,http://tile.stamen.com/boner/{Z}/{X}/{Y}.jpg,41.5008,115.9546,0.0672,0.0352
109,1407046319,http://tile.stamen.com/boner/{Z}/{X}/{Y}.jpg,41.5008,116.0217,0.0671,0.0352
109,1407046319,http://tile.stamen.com/boner/{Z}/{X}/{Y}.jpg,41.5008,116.0889,0.0671,0.0352
109,1407046319,http://tile.stamen.com/boner/{Z}/{X}/{Y}.jpg,41.5008,116.1559,0.0671,0.0352
109,1407046319,http://tile.stamen.com/boner/{Z}/{X}/{Y}.jpg,41.5008,116.2231,0.0671,0.0352
109,1407046319,http://tile.stamen.com/boner/{Z}/{X}/{Y}.jpg,41.5008,116.2902,0.0672,0.0352
109,1407046319,http://tile.stamen.com/boner/{Z}/{X}/{Y}.jpg,41.5008,116.3573,0.0671,0.0352
109,1407046319,http://tile.stamen.com/boner/{Z}/{X}/{Y}.jpg,41.5008,116.4245,0.0671,0.0352
109,1407046320,http://tile.stamen.com/boner/{Z}/{X}/{Y}.jpg,40.6235,115.8875,0.0671,0.0357
109,1407046320,http://tile.stamen.com/boner/{Z}/{X}/{Y}.jpg,40.6235,116.4915,0.0671,0.0357
109,1407046320,http://tile.stamen.com/boner/{Z}/{X}/{Y}.jpg,40.6235,116.5587,0.0671,0.0357
109,1407046320,http://tile.stamen.com/boner/{Z}/{X}/{Y}.jpg,40.6235,115.9546,0.0672,0.0357
109,1407046320,http://tile.stamen.com/boner/{Z}/{X}/{Y}.jpg,40.6235,116.0217,0.0671,0.0357
109,1407046320,http://tile.stamen.com/boner/{Z}/{X}/{Y}.jpg,40.6235,116.0889,0.0671,0.0357
109,1407046320,http://tile.stamen.com/boner/{Z}/{X}/{Y}.jpg,40.6235,116.1559,0.0671,0.0357
109,1407046320,http://tile.stamen.com/boner/{Z}/{X}/{Y}.jpg,40.6235,116.2231,0.0671,0.0357
109,1407046320,http://tile.stamen.com/boner/{Z}/{X}/{Y}.jpg,40.6235,116.2902,0.0672,0.0357
109,1407046320,http://tile.stamen.com/boner/{Z}/{X}/{Y}.jpg,40.6235,116.3573,0.0671,0.0357
109,1407046320,http://tile.stamen.com/boner/{Z}/{X}/{Y}.jpg,40.6235,116.4245,0.0671,0.0357
109,1407046320,http://tile.stamen.com/boner/{Z}/{X}/{Y}.jpg,40.5896,115.8875,0.0671,0.0356
109,1407046320,http://tile.stamen.com/boner/{Z}/{X}/{Y}.jpg,40.5896,116.4915,0.0671,0.0356
109,1407046320,http://tile.stamen.com/boner/{Z}/{X}/{Y}.jpg,40.5896,116.5587,0.0671,0.0356
109,1407046320,http://tile.stamen.com/boner/{Z}/{X}/{Y}.jpg,40.5896,115.9546,0.0672,0.0356
109,1407046320,http://tile.stamen.com/boner/{Z}/{X}/{Y}.jpg,40.5896,116.0217,0.0671,0.0356
109,1407046320,http://tile.stamen.com/boner/{Z}/{X}/{Y}.jpg,40.5896,116.0889,0.0671,0.0356
109,1407046320,http://tile.stamen.com/boner/{Z}/{X}/{Y}.jpg,40.5896,116.1559,0.0671,0.0356
109,1407046320,http://tile.stamen.com/boner/{Z}/{X}/{Y}.jpg,40.5896,116.2231,0.0671,0.0356
109,1407046320,http://tile.stamen.com/boner/{Z}/{X}/{Y}.jpg,40.5896,116.2902,0.0672,0.0356
109,1407046320,http://tile.stamen.com/boner/{Z}/{X}/{Y}.jpg,40.5896,116.3573,0.0671,0.0356
109,1407046320,http://tile.stamen.com/boner/{Z}/{X}/{Y}.jpg,40.5896,116.4245,0.0671,0.0356
109,1407046320,http://tile.stamen.com/boner/{Z}/{X}/{Y}.jpg,40.5556,115.8875,0.0671,0.0358
109,1407046320,http://tile.stamen.com/boner/{Z}/{X}/{Y}.jpg,40.5556,116.4915,0.0671,0.0358
109,1407046320,http://tile.stamen.com/boner/{Z}/{X}/{Y}.jpg,40.5556,116.5587,0.0671,0.0358
109,1407046320,http://tile.stamen.com/boner/{Z}/{X}/{Y}.jpg,40.5556,115.9546,0.0672,0.0358
109,1407046320,http://tile.stamen.com/boner/{Z}/{X}/{Y}.jpg,40.5556,116.0217,0.0671,0.0358
109,1407046320,http://tile.stamen.com/boner/{Z}/{X}/{Y}.jpg,40.5556,116.0889,0.0671,0.0358
109,1407046320,http://tile.stamen.com/boner/{Z}/{X}/{Y}.jpg,40.5556,116.1559,0.0671,0.0358
109,1407046320,http://tile.stamen.com/boner/{Z}/{X}/{Y}.jpg,40.5556,116.2231,0.0671,0.0358
109,1407046320,http://tile.stamen.com/boner/{Z}/{X}/{Y}.jpg,40.5556,116.2902,0.0672,0.0358
109,1407046320,http://tile.stamen.com/boner/{Z}/{X}/{Y}.jpg,40.5556,116.3573,0.0671,0.0358
109,1407046320,http://tile.stamen.com/boner/{Z}/{X}/{Y}.jpg,40.5556,116.4245,0.0671,0.0358
109,1407046320,http://tile.stamen.com/boner/{Z}/{X}/{Y}.jpg,40.5216,115.8875,0.0671,0.0357
109,1407046320,http://tile.stamen.com/boner/{Z}/{X}/{Y}.jpg,40.5216,116.4915,0.0671,0.0357
109,1407046320,http://tile.stamen.com/boner/{Z}/{X}/{Y}.jpg,40.5216,116.5587,0.0671,0.0357
109,1407046320,http://tile.stamen.com/boner/{Z}/{X}/{Y}.jpg,40.5216,115.9546,0.0672,0.0357
109,1407046320,http://tile.stamen.com/boner/{Z}/{X}/{Y}.jpg,40.5216,116.0217,0.0671,0.0357
109,1407046320,http://tile.stamen.com/boner/{Z}/{X}/{Y}.jpg,40.5216,116.0889,0.0671,0.0357
109,1407046320,http://tile.stamen.com/boner/{Z}/{X}/{Y}.jpg,40.5216,116.1559,0.0671,0.0357
109,1407046320,http://tile.stamen.com/boner/{Z}/{X}/{Y}.jpg,40.5216,116.2231,0.0671,0.0357
109,1407046320,http://tile.stamen.com/boner/{Z}/{X}/{Y}.jpg,40.5216,116.2902,0.0672,0.0357
109,1407046320,http://tile.stamen.com/boner/{Z}/{X}/{Y}.jpg,40.5216,116.3573,0.0671,0.0357
109,1407046320,http://tile.stamen.com/boner/{Z}/{X}/{Y}.jpg,40.5216,116.4245,0.0671,0.0357
109,1407046319,http://tile.stamen.com/boner/{Z}/{X}/{Y}.jpg,41.4672,115.8875,0.0671,0.0352
109,1407046319,http://tile.stamen.com/boner/{Z}/{X}/{Y}.jpg,41.4672,116.4915,0.0671,0.0352
109,1407046319,http://tile.stamen.com/boner/{Z}/{X}/{Y}.jpg,41.4672,116.5587,0.0671,0.0352
109,1407046319,http://tile.stamen.com/boner/{Z}/{X}/{Y}.jpg,41.4672,115.9546,0.0672,0.0352
109,1407046319,http://tile.stamen.com/boner/{Z}/{X}/{Y}.jpg,41.4672,116.0217,0.0671,0.0352
109,1407046319,http://tile.stamen.com/boner/{Z}/{X}/{Y}.jpg,41.4672,116.0889,0.0671,0.0352
109,1407046319,http://tile.stamen.com/boner/{Z}/{X}/{Y}.jpg,41.4672,116.1559,0.0671,0.0352
109,1407046319,http://tile.stamen.com/boner/{Z}/{X}/{Y}.jpg,41.4672,116.2231,0.0671,0.0352
109,1407046319,http://tile.stamen.com/boner/{Z}/{X}/{Y}.jpg,41.4672,116.2902,0.0672,0.0352
109,1407046319,http://tile.stamen.com/boner/{Z}/{X}/{Y}.jpg,41.4672,116.3573,0.0671,0.0352
109,1407046319,http://tile.stamen.com/boner/{Z}/{X}/{Y}.jpg,41.4672,116.4245,0.0671,0.0352
109,1407046319,http://tile.stamen.com/boner/{Z}/{X}/{Y}.jpg,41.4337,115.8875,0.0671,0.0352
109,1407046319,http://tile.stamen.com/boner/{Z}/{X}/{Y}.jpg,41.4337,116.4915,0.0671,0.0352
109,1407046319,http://tile.stamen.com/boner/{Z}/{X}/{Y}.jpg,41.4337,116.5587,0.0671,0.0352
109,1407046319,http://tile.stamen.com/boner/{Z}/{X}/{Y}.jpg,41.4337,115.9546,0.0672,0.0352
109,1407046319,http://tile.stamen.com/boner/{Z}/{X}/{Y}.jpg,41.4337,116.0217,0.0671,0.0352
109,1407046319,http://tile.stamen.com/boner/{Z}/{X}/{Y}.jpg,41.4337,116.0889,0.0671,0.0352
109,1407046319,http://tile.stamen.com/boner/{Z}/{X}/{Y}.jpg,41.4337,116.1559,0.0671,0.0352
109,1407046319,http://tile.stamen.com/boner/{Z}/{X}/{Y}.jpg,41.4337,116.2231,0.0671,0.0352
109,1407046319,http://tile.stamen.com/boner/{Z}/{X}/{Y}.jpg,41.4337,116.2902,0.0672,0.0352
109,1407046319,http://tile.stamen.com/boner/{Z}/{X}/{Y}.jpg,41.4337,116.3573,0.0671,0.0352
109,1407046319,http://tile.stamen.com/boner/{Z}/{X}/{Y}.jpg,41.4337,116.4245,0.0671,0.0352
109,1407046319,http://tile.stamen.com/boner/{Z}/{X}/{Y}.jpg,41.4001,115.8875,0.0671,0.0353
109,1407046319,http://tile.stamen.com/boner/{Z}/{X}/{Y}.jpg,41.4001,116.4915,0.0671,0.0353
109,1407046319,http://tile.stamen.com/boner/{Z}/{X}/{Y}.jpg,41.4001,116.5587,0.0671,0.0353
109,1407046319,http://tile.stamen.com/boner/{Z}/{X}/{Y}.jpg,41.4001,115.9546,0.0672,0.0353
109,1407046319,http://tile.stamen.com/boner/{Z}/{X}/{Y}.jpg,41.4001,116.0217,0.0671,0.0353
109,1407046319,http://tile.stamen.com/boner/{Z}/{X}/{Y}.jpg,41.4001,116.0889,0.0671,0.0353
109,1407046319,http://tile.stamen.com/boner/{Z}/{X}/{Y}.jpg,41.4001,116.1559,0.0671,0.0353
109,1407046319,http://tile.stamen.com/boner/{Z}/{X}/{Y}.jpg,41.4001,116.2231,0.0671,0.0353
109,1407046319,http://tile.stamen.com/boner/{Z}/{X}/{Y}.jpg,41.4001,116.2902,0.0672,0.0353
109,1407046319,http://tile.stamen.com/boner/{Z}/{X}/{Y}.jpg,41.4001,116.3573,0.0671,0.0353
109,1407046319,http://tile.stamen.com/boner/{Z}/{X}/{Y}.jpg,41.4001,116.4245,0.0671,0.0353
109,1407046319,http://tile.stamen.com/boner/{Z}/{X}/{Y}.jpg,41.3666,115.8875,0.0671,0.0353
109,1407046319,http://tile.stamen.com/boner/{Z}/{X}/{Y}.jpg,41.3666,116.4915,0.0671,0.0353
109,1407046319,http://tile.stamen.com/boner/{Z}/{X}/{Y}.jpg,41.3666,116.5587,0.0671,0.0353
109,1407046319,http://tile.stamen.com/boner/{Z}/{X}/{Y}.jpg,41.3666,115.9546,0.0672,0.0353
109,1407046319,http://tile.stamen.com/boner/{Z}/{X}/{Y}.jpg,41.3666,116.0217,0.0671,0.0353
109,1407046319,http://tile.stamen.com/boner/{Z}/{X}/{Y}.jpg,41.3666,116.0889,0.0671,0.0353
109,1407046319,http://tile.stamen.com/boner/{Z}/{X}/{Y}.jpg,41.3666,116.1559,0.0671,0.0353
109,1407046319,http://tile.stamen.com/boner/{Z}/{X}/{Y}.jpg,41.3666,116.2231,0.0671,0.0353
109,1407046319,http://tile.stamen.com/boner/{Z}/{X}/{Y}.jpg,41.3666,116.2902,0.0672,0.0353
109,1407046319,http://tile.stamen.com/boner/{Z}/{X}/{Y}.jpg,41.3666,116.3573,0.0671,0.0353
109,1407046319,http://tile.stamen.com/boner/{Z}/{X}/{Y}.jpg,41.3666,116.4245,0.0671,0.0353
109,1407046319,http://tile.stamen.com/boner/{Z}/{X}/{Y}.jpg,41.3329,115.8875,0.0671,0.0353
109,1407046319,http://tile.stamen.com/boner/{Z}/{X}/{Y}.jpg,41.3329,116.4915,0.0671,0.0353
109,1407046319,http://tile.stamen.com/boner/{Z}/{X}/{Y}.jpg,41.3329,116.5587,0.0671,0.0353
109,1407046319,http://tile.stamen.com/boner/{Z}/{X}/{Y}.jpg,41.3329,115.9546,0.0672,0.0353
109,1407046319,http://tile.stamen.com/boner/{Z}/{X}/{Y}.jpg,41.3329,116.0217,0.0671,0.0353
109,1407046319,http://tile.stamen.com/boner/{Z}/{X}/{Y}.jpg,41.3329,116.0889,0.0671,0.0353
109,1407046319,http://tile.stamen.com/boner/{Z}/{X}/{Y}.jpg,41.3329,116.1559,0.0671,0.0353
109,1407046319,http://tile.stamen.com/boner/{Z}/{X}/{Y}.jpg,41.3329,116.2231,0.0671,0.0353
109,1407046319,http://tile.stamen.com/boner/{Z}/{X}/{Y}.jpg,41.3329,116.2902,0.0672,0.0353
109,1407046319,http://tile.stamen.com/boner/{Z}/{X}/{Y}.jpg,41.3329,116.3573,0.0671,0.0353
109,1407046319,http://tile.stamen.com/boner/{Z}/{X}/{Y}.jpg,41.3329,116.4245,0.0671,0.0353
109,1407046319,http://tile.stamen.com/boner/{Z}/{X}/{Y}.jpg,41.2994,115.8875,0.0671,0.0353
109,1407046319,http://tile.stamen.com/boner/{Z}/{X}/{Y}.jpg,41.2994,116.4915,0.0671,0.0353
109,1407046319,http://tile.stamen.com/boner/{Z}/{X}/{Y}.jpg,41.2994,116.5587,0.0671,0.0353
109,1407046319,http://tile.stamen.com/boner/{Z}/{X}/{Y}.jpg,41.2994,115.9546,0.0672,0.0353
109,1407046319,http://tile.stamen.com/boner/{Z}/{X}/{Y}.jpg,41.2994,116.0217,0.0671,0.0353
109,1407046319,http://tile.stamen.com/boner/{Z}/{X}/{Y}.jpg,41.2994,116.0889,0.0671,0.0353
109,1407046319,http://tile.stamen.com/boner/{Z}/{X}/{Y}.jpg,41.2994,116.1559,0.0671,0.0353
109,1407046319,http://tile.stamen.com/boner/{Z}/{X}/{Y}.jpg,41.2994,116.2231,0.0671,0.0353
109,1407046319,http://tile.stamen.com/boner/{Z}/{X}/{Y}.jpg,41.2994,116.2902,0.0672,0.0353
109,1407046319,http://tile.stamen.com/boner/{Z}/{X}/{Y}.jpg,41.2994,116.3573,0.0671,0.0353
109,1407046319,http://tile.stamen.com/boner/{Z}/{X}/{Y}.jpg,41.2994,116.4245,0.0671,0.0353
109,1407046319,http://tile.stamen.com/boner/{Z}/{X}/{Y}.jpg,41.2657,115.8875,0.0671,0.0353
109,1407046319,http://tile.stamen.com/boner/{Z}/{X}/{Y}.jpg,41.2657,116.4915,0.0671,0.0353
109,1407046319,http://tile.stamen.com/boner/{Z}/{X}/{Y}.jpg,41.2657,116.5587,0.0671,0.0353
109,1407046319,http://tile.stamen.com/boner/{Z}/{X}/{Y}.jpg,41.2657,115.9546,0.0672,0.0353
109,1407046319,http://tile.stamen.com/boner/{Z}/{X}/{Y}.jpg,41.2657,116.0217,0.0671,0.0353
109,1407046319,http://tile.stamen.com/boner/{Z}/{X}/{Y}.jpg,41.2657,116.0889,0.0671,0.0353
109,1407046319,http://tile.stamen.com/boner/{Z}/{X}/{Y}.jpg,41.2657,116.1559,0.0671,0.0353
109,1407046319,http://tile.stamen.com/boner/{Z}/{X}/{Y}.jpg,41.2657,116.2231,0.0671,0.0353
109,1407046319,http://tile.stamen.com/boner/{Z}/{X}/{Y}.jpg,41.2657,116.2902,0.0672,0.0353
109,1407046319,http://tile.stamen.com/boner/{Z}/{X}/{Y}.jpg,41.2657,116.3573,0.0671,0.0353
109,1407046319,http://tile.stamen.com/boner/{Z}/{X}/{Y}.jpg,41.2657,116.4245,0.0671,0.0353
109,1407046319,http://tile.stamen.com/boner/{Z}/{X}/{Y}.jpg,41.2321,115.8875,0.0671,0.0353
109,1407046320,http://tile.stamen.com/boner/{Z}/{X}/{Y}.jpg,41.2321,116.4915,0.0671,0.0353
109,1407046320,http://tile.stamen.com/boner/{Z}/{X}/{Y}.jpg,41.2321,116.5587,0.0671,0.0353
109,1407046320,http://tile.stamen.com/boner/{Z}/{X}/{Y}.jpg,41.2321,115.9546,0.0672,0.0353
109,1407046320,http://tile.stamen.com/boner/{Z}/{X}/{Y}.jpg,41.2321,116.0217,0.0671,0.0353
109,1407046320,http://tile.stamen.com/boner/{Z}/{X}/{Y}.jpg,41.2321,116.0889,0.0671,0.0353
109,1407046320,http://tile.stamen.com/boner/{Z}/{X}/{Y}.jpg,41.2321,116.1559,0.0671,0.0353
109,1407046320,http://tile.stamen.com/boner/{Z}/{X}/{Y}.jpg,41.2321,116.2231,0.0671,0.0353
109,1407046320,http://tile.stamen.com/boner/{Z}/{X}/{Y}.jpg,41.2321,116.2902,0.0672,0.0353
109,1407046320,http://tile.stamen.com/boner/{Z}/{X}/{Y}.jpg,41.2321,116.3573,0.0671,0.0353
109,1407046320,http://tile.stamen.com/boner/{Z}/{X}/{Y}.jpg,41.2321,116.4245,0.0671,0.0353
109,1407046320,http://tile.stamen.com/boner/{Z}/{X}/{Y}.jpg,41.1984,115.8875,0.0671,0.0353
109,1407046320,http://tile.stamen.com/boner/{Z}/{X}/{Y}.jpg,41.1984,116.4915,0.0671,0.0353
109,1407046320,http://tile.stamen.com/boner/{Z}/{X}/{Y}.jpg,41.1984,116.5587,0.0671,0.0353
109,1407046320,http://tile.stamen.com/boner/{Z}/{X}/{Y}.jpg,41.1984,115.9546,0.0672,0.0353
109,1407046320,http://tile.stamen.com/boner/{Z}/{X}/{Y}.jpg,41.1984,116.0217,0.0671,0.0353
109,1407046320,http://tile.stamen.com/boner/{Z}/{X}/{Y}.jpg,41.1984,116.0889,0.0671,0.0353
109,1407046320,http://tile.stamen.com/boner/{Z}/{X}/{Y}.jpg,41.1984,116.1559,0.0671,0.0353
109,1407046320,http://tile.stamen.com/boner/{Z}/{X}/{Y}.jpg,41.1984,116.2231,0.0671,0.0353
109,1407046320,http://tile.stamen.com/boner/{Z}/{X}/{Y}.jpg,41.1984,116.2902,0.0672,0.0353
109,1407046320,http://tile.stamen.com/boner/{Z}/{X}/{Y}.jpg,41.1984,116.3573,0.0671,0.0353
109,1407046320,http://tile.stamen.com/boner/{Z}/{X}/{Y}.jpg,41.1984,116.4245,0.0671,0.0353
109,1407046320,http://tile.stamen.com/boner/{Z}/{X}/{Y}.jpg,41.1647,115.8875,0.0671,0.0353
109,1407046320,http://tile.stamen.com/boner/{Z}/{X}/{Y}.jpg,41.1647,116.4915,0.0671,0.0353
109,1407046320,http://tile.stamen.com/boner/{Z}/{X}/{Y}.jpg,41.1647,116.5587,0.0671,0.0353
109,1407046320,http://tile.stamen.com/boner/{Z}/{X}/{Y}.jpg,41.1647,115.9546,0.0672,0.0353
109,1407046320,http://tile.stamen.com/boner/{Z}/{X}/{Y}.jpg,41.1647,116.0217,0.0671,0.0353
109,1407046320,http://tile.stamen.com/boner/{Z}/{X}/{Y}.jpg,41.1647,116.0889,0.0671,0.0353
109,1407046320,http://tile.stamen.com/boner/{Z}/{X}/{Y}.jpg,41.1647,116.1559,0.0671,0.0353
109,1407046320,http://tile.stamen.com/boner/{Z}/{X}/{Y}.jpg,41.1647,116.2231,0.0671,0.0353
109,1407046320,http://tile.stamen.com/boner/{Z}/{X}/{Y}.jpg,41.1647,116.2902,0.0672,0.0353
109,1407046320,http://tile.stamen.com/boner/{Z}/{X}/{Y}.jpg,41.1647,116.3573,0.0671,0.0353
109,1407046320,http://tile.stamen.com/boner/{Z}/{X}/{Y}.jpg,41.1647,116.4245,0.0671,0.0353
109,1407046320,http://tile.stamen.com/boner/{Z}/{X}/{Y}.jpg,41.131,115.8875,0.0671,0.0354
109,1407046320,http://tile.stamen.com/boner/{Z}/{X}/{Y}.jpg,41.131,116.4915,0.0671,0.0354
109,1407046320,http://tile.stamen.com/boner/{Z}/{X}/{Y}.jpg,41.131,116.5587,0.0671,0.0354
109,1407046320,http://tile.stamen.com/boner/{Z}/{X}/{Y}.jpg,41.131,115.9546,0.0672,0.0354
109,1407046320,http://tile.stamen.com/boner/{Z}/{X}/{Y}.jpg,41.131,116.0217,0.0671,0.0354
109,1407046320,http://tile.stamen.com/boner/{Z}/{X}/{Y}.jpg,41.131,116.0889,0.0671,0.0354
109,1407046320,http://tile.stamen.com/boner/{Z}/{X}/{Y}.jpg,41.131,116.1559,0.0671,0.0354
109,1407046320,http://tile.stamen.com/boner/{Z}/{X}/{Y}.jpg,41.131,116.2231,0.0671,0.0354
109,1407046320,http://tile.stamen.com/boner/{Z}/{X}/{Y}.jpg,41.131,116.2902,0.0672,0.0354
109,1407046320,http://tile.stamen.com/boner/{Z}/{X}/{Y}.jpg,41.131,116.3573,0.0671,0.0354
109,1407046320,http://tile.stamen.com/boner/{Z}/{X}/{Y}.jpg,41.131,116.4245,0.0671,0.0354
109,1407046320,http://tile.stamen.com/boner/{Z}/{X}/{Y}.jpg,41.0973,115.8875,0.0671,0.0355
109,1407046320,http://tile.stamen.com/boner/{Z}/{X}/{Y}.jpg,41.0973,116.4915,0.0671,0.0355
