atlas_id,created_at,provider,lat,lon,width,height
1,2014-09-08 17:44:45,http://tile.openstreetmap.org/{Z}/{X}/{Y}.png,43.702,7.3318,0.0134,0.0122
2,2014-03-20 03:39:15,http://tile.stamen.com/boner/{Z}/{X}/{Y}.jpg,50.0761,19.9017,0.0067,0.0031
2,2014-03-20 03:39:15,http://tile.stamen.com/boner/{Z}/{X}/{Y}.jpg,50.0761,19.9085,0.0067,0.0031
2,2014-03-20 03:39:15,http://tile.stamen.com/boner/{Z}/{X}/{Y}.jpg,50.0761,19.9152,0.0067,0.0031
2,2014-03-20 03:39:15,http://tile.stamen.com/boner/{Z}/{X}/{Y}.jpg,50.0733,19.9017,0.0067,0.003
2,2014-03-20 03:39:15,http://tile.stamen.com/boner/{Z}/{X}/{Y}.jpg,50.0733,19.9085,0.0067,0.003
2,2014-03-20 03:39:15,http://tile.stamen.com/boner/{Z}/{X}/{Y}.jpg,50.0733,19.9152,0.0067,0.003
2,2014-03-20 03:39:15,http://tile.stamen.com/boner/{Z}/{X}/{Y}.jpg,50.0704,19.9017,0.0067,0.003
2,2014-03-20 03:39:15,http://tile.stamen.com/boner/{Z}/{X}/{Y}.jpg,50.0704,19.9085,0.0067,0.003
2,2014-03-20 03:39:15,http://tile.stamen.com/boner/{Z}/{X}/{Y}.jpg,50.0704,19.9152,0.0067,0.003
3,2015-01-31 01:51:38,http://tile.stamen.com/bing-lite/{Z}/{X}/{Y}.jpg,-8.043,111.7092,0.0076,0.0053
3,2015-01-31 01:51:38,http://tile.stamen.com/bing-lite/{Z}/{X}/{Y}.jpg,-8.043,111.7168,0.0077,0.0053
3,2015-01-31 01:51:38,http://tile.stamen.com/bing-lite/{Z}/{X}/{Y}.jpg,-8.048,111.7092,0.0076,0.0053
3,2015-01-31 01:51:38,http://tile.stamen.com/bing-lite/{Z}/{X}/{Y}.jpg,-8.048,111.7168,0.0077,0.0053
4,2014-04-29 07:57:24,http://tile.stamen.com/bing-lite/{Z}/{X}/{Y}.jpg,22.9905,120.221,0.0028,0.0032
4,2014-04-29 07:57:24,http://tile.stamen.com/bing-lite/{Z}/{X}/{Y}.jpg,22.9905,120.2236,0.0028,0.0032
5,2012-09-30 11:37:18,http://tile.stamen.com/toner-lite/{Z}/{X}/{Y}.png,40.0533,-105.2703,0.0659,0.0353
5,2012-09-30 11:37:18,http://tile.stamen.com/toner-lite/{Z}/{X}/{Y}.png,40.0198,-105.2703,0.0659,0.0353
5,2012-09-30 11:37:18,http://tile.stamen.com/toner-lite/{Z}/{X}/{Y}.png,39.9861,-105.2703,0.0659,0.0353
6,2014-11-21 08:27:22,http://tile.openstreetmap.org/{Z}/{X}/{Y}.png,43.6647,-79.3522,0.0018,0.0018
7,2012-07-17 01:19:14,http://tile.openstreetmap.org/{Z}/{X}/{Y}.png,54.0859,12.089,0.061,0.0453
7,2012-07-17 01:19:14,http://tile.openstreetmap.org/{Z}/{X}/{Y}.png,54.0859,12.1469,0.061,0.0453
8,2015-02-03 23:16:17,http://tile.openstreetmap.org/{Z}/{X}/{Y}.png,48.7324,-3.4571,0.0108,0.005
9,2014-11-10 13:42:17,http://tile.openstreetmap.org/{Z}/{X}/{Y}.png,40.7322,-73.9946,0.0173,0.0165
10,2014-12-01 04:25:37,http://tile.openstreetmap.org/{Z}/{X}/{Y}.png,19.1135,72.904,0.0253,0.0168
10,2014-12-01 04:25:37,http://tile.openstreetmap.org/{Z}/{X}/{Y}.png,19.1135,72.9293,0.0254,0.0168
11,2014-07-10 04:16:04,http://tile.openstreetmap.org/{Z}/{X}/{Y}.png,37.6924,23.346,0.087,0.0482
12,2013-08-14 05:21:22,http://tile.openstreetmap.org/{Z}/{X}/{Y}.png,48.5918,-0.3597,0.0017,0.0014
12,2013-08-14 05:21:22,http://tile.openstreetmap.org/{Z}/{X}/{Y}.png,48.5918,-0.358,0.0017,0.0014
12,2013-08-14 05:21:22,http://tile.openstreetmap.org/{Z}/{X}/{Y}.png,48.5918,-0.3565,0.0017,0.0014
12,2013-08-14 05:21:22,http://tile.openstreetmap.org/{Z}/{X}/{Y}.png,48.5904,-0.3597,0.0017,0.0014
12,2013-08-14 05:21:22,http://tile.openstreetmap.org/{Z}/{X}/{Y}.png,48.5904,-0.358,0.0017,0.0014
12,2013-08-14 05:21:22,http://tile.openstreetmap.org/{Z}/{X}/{Y}.png,48.5904,-0.3565,0.0017,0.0014
12,2013-08-14 05:21:22,http://tile.openstreetmap.org/{Z}/{X}/{Y}.png,48.589,-0.3597,0.0017,0.0014
12,2013-08-14 05:21:22,http://tile.openstreetmap.org/{Z}/{X}/{Y}.png,48.589,-0.358,0.0017,0.0014
12,2013-08-14 05:21:22,http://tile.openstreetmap.org/{Z}/{X}/{Y}.png,48.589,-0.3565,0.0017,0.0014
13,2013-12-07 04:00:22,http://tile.openstreetmap.org/{Z}/{X}/{Y}.png,48.3651,10.8727,0.004,0.0019
14,2013-06-21 09:33:09,http://tile.openstreetmap.org/{Z}/{X}/{Y}.png,43.0699,-76.0984,0.0062,0.0029
14,2013-06-21 09:33:09,http://tile.openstreetmap.org/{Z}/{X}/{Y}.png,43.0699,-76.0925,0.0062,0.0029
14,2013-06-21 09:33:09,http://tile.openstreetmap.org/{Z}/{X}/{Y}.png,43.067,-76.0984,0.0062,0.0028
14,2013-06-21 09:33:09,http://tile.openstreetmap.org/{Z}/{X}/{Y}.png,43.067,-76.0925,0.0062,0.0028
15,2013-03-22 13:14:28,http://tile.stamen.com/toner-lite/{Z}/{X}/{Y}.png,55.9922,-2.5123,0.0344,0.0134
16,2014-05-02 03:38:17,http://tile.openstreetmap.org/{Z}/{X}/{Y}.png,49.0427,34.4689,0.061,0.0507
16,2014-05-02 03:38:17,http://tile.openstreetmap.org/{Z}/{X}/{Y}.png,49.0427,34.5268,0.061,0.0507
16,2014-05-02 03:38:17,http://tile.openstreetmap.org/{Z}/{X}/{Y}.png,48.9921,34.4689,0.061,0.0507
16,2014-05-02 03:38:17,http://tile.openstreetmap.org/{Z}/{X}/{Y}.png,48.9921,34.5268,0.061,0.0507
16,2014-05-02 03:38:17,http://tile.openstreetmap.org/{Z}/{X}/{Y}.png,48.9413,34.4689,0.061,0.0507
16,2014-05-02 03:38:17,http://tile.openstreetmap.org/{Z}/{X}/{Y}.png,48.9413,34.5268,0.061,0.0507
16,2014-05-02 03:38:17,http://tile.openstreetmap.org/{Z}/{X}/{Y}.png,48.8906,34.4689,0.061,0.0508
16,2014-05-02 03:38:17,http://tile.openstreetmap.org/{Z}/{X}/{Y}.png,48.8906,34.5268,0.061,0.0508
16,2014-05-02 03:38:17,http://tile.openstreetmap.org/{Z}/{X}/{Y}.png,48.8398,34.4689,0.061,0.0508
16,2014-05-02 03:38:17,http://tile.openstreetmap.org/{Z}/{X}/{Y}.png,48.8398,34.5268,0.061,0.0508
17,2015-01-27 00:16:26,http://tile.openstreetmap.org/{Z}/{X}/{Y}.png,23.7396,90.4029,0.0773,0.0495
18,2012-08-14 02:25:14,http://tile.openstreetmap.org/{Z}/{X}/{Y}.png,47.3974,8.4998,0.0505,0.0217
18,2012-08-14 02:25:14,http://tile.openstreetmap.org/{Z}/{X}/{Y}.png,47.3974,8.5478,0.0506,0.0217
18,2012-08-14 02:25:14,http://tile.openstreetmap.org/{Z}/{X}/{Y}.png,47.3757,8.4998,0.0505,0.0217
18,2012-08-14 02:25:14,http://tile.openstreetmap.org/{Z}/{X}/{Y}.png,47.3757,8.5478,0.0506,0.0217
18,2012-08-14 02:25:14,http://tile.openstreetmap.org/{Z}/{X}/{Y}.png,47.3539,8.4998,0.0505,0.0217
18,2012-08-14 02:25:14,http://tile.openstreetmap.org/{Z}/{X}/{Y}.png,47.3539,8.5478,0.0506,0.0217
19,2013-09-05 04:27:49,http://tile.openstreetmap.org/{Z}/{X}/{Y}.png,44.1352,4.8068,0.0031,0.0016
19,2013-09-05 04:27:49,http://tile.openstreetmap.org/{Z}/{X}/{Y}.png,44.1352,4.8099,0.0031,0.0016
19,2013-09-05 04:27:49,http://tile.openstreetmap.org/{Z}/{X}/{Y}.png,44.1337,4.8068,0.0031,0.0015
19,2013-09-05 04:27:49,http://tile.openstreetmap.org/{Z}/{X}/{Y}.png,44.1337,4.8099,0.0031,0.0015
19,2013-09-05 04:27:49,http://tile.openstreetmap.org/{Z}/{X}/{Y}.png,44.1321,4.8068,0.0031,0.0015
19,2013-09-05 04:27:49,http://tile.openstreetmap.org/{Z}/{X}/{Y}.png,44.1321,4.8099,0.0031,0.0015
19,2013-09-05 04:27:49,http://tile.openstreetmap.org/{Z}/{X}/{Y}.png,44.1306,4.8068,0.0031,0.0016
19,2013-09-05 04:27:49,http://tile.openstreetmap.org/{Z}/{X}/{Y}.png,44.1306,4.8099,0.0031,0.0016
20,2014-05-04 15:49:59,http://tile.openstreetmap.org/{Z}/{X}/{Y}.png,34.8402,134.6875,0.008,0.0084
20,2014-05-04 15:49:59,http://tile.openstreetmap.org/{Z}/{X}/{Y}.png,34.8402,134.6952,0.0081,0.0084
20,2014-05-04 15:49:59,http://tile.openstreetmap.org/{Z}/{X}/{Y}.png,34.8319,134.6875,0.008,0.0083
20,2014-05-04 15:49:59,http://tile.openstreetmap.org/{Z}/{X}/{Y}.png,34.8319,134.6952,0.0081,0.0083
20,2014-05-04 15:49:59,http://tile.openstreetmap.org/{Z}/{X}/{Y}.png,34.8235,134.6875,0.008,0.0084
20,2014-05-04 15:49:59,http://tile.openstreetmap.org/{Z}/{X}/{Y}.png,34.8235,134.6952,0.0081,0.0084
21,2014-10-02 16:55:32,http://tile.stamen.com/toner-lite/{Z}/{X}/{Y}.png,12.788,119.8663,6.3836,3.9418
21,2014-10-02 16:55:32,http://tile.stamen.com/toner-lite/{Z}/{X}/{Y}.png,12.788,125.9308,6.3836,3.9418
22,2013-05-01 15:41:08,http://tile.openstreetmap.org/{Z}/{X}/{Y}.png,45.0879,7.6313,0.0346,0.0171
22,2013-05-01 15:41:08,http://tile.openstreetmap.org/{Z}/{X}/{Y}.png,45.0879,7.666,0.0347,0.0171
22,2013-05-01 15:41:08,http://tile.openstreetmap.org/{Z}/{X}/{Y}.png,45.0879,7.7006,0.0347,0.0171
22,2013-05-01 15:41:08,http://tile.openstreetmap.org/{Z}/{X}/{Y}.png,45.0716,7.6313,0.0346,0.0172
22,2013-05-01 15:41:08,http://tile.openstreetmap.org/{Z}/{X}/{Y}.png,45.0716,7.666,0.0347,0.0172
22,2013-05-01 15:41:08,http://tile.openstreetmap.org/{Z}/{X}/{Y}.png,45.0716,7.7006,0.0347,0.0172
22,2013-05-01 15:41:08,http://tile.openstreetmap.org/{Z}/{X}/{Y}.png,45.0553,7.6313,0.0346,0.0172
22,2013-05-01 15:41:08,http://tile.openstreetmap.org/{Z}/{X}/{Y}.png,45.0553,7.666,0.0347,0.0172
22,2013-05-01 15:41:08,http://tile.openstreetmap.org/{Z}/{X}/{Y}.png,45.0553,7.7006,0.0347,0.0172
22,2013-05-01 15:41:08,http://tile.openstreetmap.org/{Z}/{X}/{Y}.png,45.0389,7.6313,0.0346,0.0171
22,2013-05-01 15:41:08,http://tile.openstreetmap.org/{Z}/{X}/{Y}.png,45.0389,7.666,0.0347,0.0171
22,2013-05-01 15:41:08,http://tile.openstreetmap.org/{Z}/{X}/{Y}.png,45.0389,7.7006,0.0347,0.0171
23,2012-09-19 09:07:57,http://tile.openstreetmap.org/{Z}/{X}/{Y}.png,40.7492,24.5266,0.2436,0.1292
23,2012-09-19 09:07:57,http://tile.openstreetmap.org/{Z}/{X}/{Y}.png,40.7492,24.7702,0.2436,0.1292
23,2012-09-19 09:07:57,http://tile.openstreetmap.org/{Z}/{X}/{Y}.png,40.626,24.5266,0.2436,0.1294
23,2012-09-19 09:07:57,http://tile.openstreetmap.org/{Z}/{X}/{Y}.png,40.626,24.7702,0.2436,0.1294
24,2014-06-10 02:37:37,http://tile.stamen.com/boner/{Z}/{X}/{Y}.jpg,53.5431,5.7952,6.7621,2.8113
24,2014-06-10 02:37:37,http://tile.stamen.com/boner/{Z}/{X}/{Y}.jpg,53.5431,12.5629,6.7621,2.8113
24,2014-06-10 02:37:37,http://tile.stamen.com/boner/{Z}/{X}/{Y}.jpg,53.5431,19.3304,6.7621,2.8113
24,2014-06-10 02:37:37,http://tile.stamen.com/boner/{Z}/{X}/{Y}.jpg,50.7785,5.7952,6.7621,2.9917
24,2014-06-10 02:37:37,http://tile.stamen.com/boner/{Z}/{X}/{Y}.jpg,50.7785,12.5629,6.7621,2.9917
24,2014-06-10 02:37:37,http://tile.stamen.com/boner/{Z}/{X}/{Y}.jpg,50.7785,19.3304,6.7621,2.9917
24,2014-06-10 02:37:37,http://tile.stamen.com/boner/{Z}/{X}/{Y}.jpg,47.8405,5.7952,6.7621,3.1757
24,2014-06-10 02:37:37,http://tile.stamen.com/boner/{Z}/{X}/{Y}.jpg,47.8405,12.5629,6.7621,3.1757
24,2014-06-10 02:37:37,http://tile.stamen.com/boner/{Z}/{X}/{Y}.jpg,47.8405,19.3304,6.7621,3.1757
24,2014-06-10 02:37:37,http://tile.stamen.com/boner/{Z}/{X}/{Y}.jpg,44.7262,5.7952,6.7621,3.3616
24,2014-06-10 02:37:37,http://tile.stamen.com/boner/{Z}/{X}/{Y}.jpg,44.7262,12.5629,6.7621,3.3616
24,2014-06-10 02:37:37,http://tile.stamen.com/boner/{Z}/{X}/{Y}.jpg,44.7262,19.3304,6.7621,3.3616
25,2013-04-19 06:53:42,http://tile.openstreetmap.org/{Z}/{X}/{Y}.png,47.0746,15.1304,0.144,0.0621
25,2013-04-19 06:53:42,http://tile.openstreetmap.org/{Z}/{X}/{Y}.png,47.0746,15.2673,0.1439,0.0621
25,2013-04-19 06:53:42,http://tile.openstreetmap.org/{Z}/{X}/{Y}.png,47.0746,15.4042,0.144,0.0621
25,2013-04-19 06:53:42,http://tile.openstreetmap.org/{Z}/{X}/{Y}.png,47.0125,15.1304,0.144,0.0621
25,2013-04-19 06:53:42,http://tile.openstreetmap.org/{Z}/{X}/{Y}.png,47.0125,15.2673,0.1439,0.0621
25,2013-04-19 06:53:42,http://tile.openstreetmap.org/{Z}/{X}/{Y}.png,47.0125,15.4042,0.144,0.0621
25,2013-04-19 06:53:42,http://tile.openstreetmap.org/{Z}/{X}/{Y}.png,46.9501,15.1304,0.144,0.0622
25,2013-04-19 06:53:42,http://tile.openstreetmap.org/{Z}/{X}/{Y}.png,46.9501,15.2673,0.1439,0.0622
25,2013-04-19 06:53:42,http://tile.openstreetmap.org/{Z}/{X}/{Y}.png,46.9501,15.4042,0.144,0.0622
25,2013-04-19 06:53:42,http://tile.openstreetmap.org/{Z}/{X}/{Y}.png,46.8877,15.1304,0.144,0.0623
25,2013-04-19 06:53:42,http://tile.openstreetmap.org/{Z}/{X}/{Y}.png,46.8877,15.2673,0.1439,0.0623
25,2013-04-19 06:53:42,http://tile.openstreetmap.org/{Z}/{X}/{Y}.png,46.8877,15.4042,0.144,0.0623
25,2013-04-19 06:53:43,http://tile.openstreetmap.org/{Z}/{X}/{Y}.png,46.8253,15.1304,0.144,0.0624
25,2013-04-19 06:53:43,http://tile.openstreetmap.org/{Z}/{X}/{Y}.png,46.8253,15.2673,0.1439,0.0624
25,2013-04-19 06:53:43,http://tile.openstreetmap.org/{Z}/{X}/{Y}.png,46.8253,15.4042,0.144,0.0624
25,2013-04-19 06:53:43,http://tile.openstreetmap.org/{Z}/{X}/{Y}.png,46.7628,15.1304,0.144,0.0624
25,2013-04-19 06:53:43,http://tile.openstreetmap.org/{Z}/{X}/{Y}.png,46.7628,15.2673,0.1439,0.0624
25,2013-04-19 06:53:43,http://tile.openstreetmap.org/{Z}/{X}/{Y}.png,46.7628,15.4042,0.144,0.0624
25,2013-04-19 06:53:43,http://tile.openstreetmap.org/{Z}/{X}/{Y}.png,46.7002,15.1304,0.144,0.0625
25,2013-04-19 06:53:43,http://tile.openstreetmap.org/{Z}/{X}/{Y}.png,46.7002,15.2673,0.1439,0.0625
25,2013-04-19 06:53:43,http://tile.openstreetmap.org/{Z}/{X}/{Y}.png,46.7002,15.4042,0.144,0.0625
26,2013-10-22 00:38:59,http://tile.openstreetmap.org/{Z}/{X}/{Y}.png,40.6653,16.6142,0.0221,0.0117
27,2012-11-22 09:25:12,http://tile.openstreetmap.org/{Z}/{X}/{Y}.png,43.5656,10.3244,0.0087,0.0044
27,2012-11-22 09:25:12,http://tile.openstreetmap.org/{Z}/{X}/{Y}.png,43.5656,10.3331,0.0086,0.0044
27,2012-11-22 09:25:12,http://tile.openstreetmap.org/{Z}/{X}/{Y}.png,43.5614,10.3244,0.0087,0.0044
27,2012-11-22 09:25:12,http://tile.openstreetmap.org/{Z}/{X}/{Y}.png,43.5614,10.3331,0.0086,0.0044
27,2012-11-22 09:25:12,http://tile.openstreetmap.org/{Z}/{X}/{Y}.png,43.5573,10.3244,0.0087,0.0044
27,2012-11-22 09:25:12,http://tile.openstreetmap.org/{Z}/{X}/{Y}.png,43.5573,10.3331,0.0086,0.0044
28,2012-08-07 14:45:27,http://tile.openstreetmap.org/{Z}/{X}/{Y}.png,51.7782,-4.1482,0.3332,0.1443
28,2012-08-07 14:45:27,http://tile.openstreetmap.org/{Z}/{X}/{Y}.png,51.7782,-3.815,0.3332,0.1443
28,2012-08-07 14:45:27,http://tile.openstreetmap.org/{Z}/{X}/{Y}.png,51.7782,-3.4818,0.3332,0.1443
28,2012-08-07 14:45:27,http://tile.openstreetmap.org/{Z}/{X}/{Y}.png,51.7782,-3.1486,0.3332,0.1443
28,2012-08-07 14:45:27,http://tile.openstreetmap.org/{Z}/{X}/{Y}.png,51.6407,-4.1482,0.3332,0.1447
28,2012-08-07 14:45:27,http://tile.openstreetmap.org/{Z}/{X}/{Y}.png,51.6407,-3.815,0.3332,0.1447
28,2012-08-07 14:45:27,http://tile.openstreetmap.org/{Z}/{X}/{Y}.png,51.6407,-3.4818,0.3332,0.1447
28,2012-08-07 14:45:27,http://tile.openstreetmap.org/{Z}/{X}/{Y}.png,51.6407,-3.1486,0.3332,0.1447
28,2012-08-07 14:45:27,http://tile.openstreetmap.org/{Z}/{X}/{Y}.png,51.5026,-4.1482,0.3332,0.1452
28,2012-08-07 14:45:27,http://tile.openstreetmap.org/{Z}/{X}/{Y}.png,51.5026,-3.815,0.3332,0.1452
28,2012-08-07 14:45:27,http://tile.openstreetmap.org/{Z}/{X}/{Y}.png,51.5026,-3.4818,0.3332,0.1452
28,2012-08-07 14:45:27,http://tile.openstreetmap.org/{Z}/{X}/{Y}.png,51.5026,-3.1486,0.3332,0.1452
29,2012-09-16 11:18:04,http://tile.openstreetmap.org/{Z}/{X}/{Y}.png,39.0717,-76.5815,0.0386,0.042
29,2012-09-16 11:18:04,http://tile.openstreetmap.org/{Z}/{X}/{Y}.png,39.0717,-76.5429,0.0386,0.042
30,2014-12-26 22:14:32,http://tile.stamen.com/bing-lite/{Z}/{X}/{Y}.jpg,-6.4756,106.8237,0.0016,0.0019
31,2015-01-23 10:41:23,http://tile.stamen.com/boner/{Z}/{X}/{Y}.jpg,13.6985,-89.2113,0.0244,0.015
32,2012-08-06 00:08:16,http://tile.stamen.com/toner-lite/{Z}/{X}/{Y}.png,-41.3045,174.7828,0.0296,0.0155
32,2012-08-06 00:08:16,http://tile.stamen.com/toner-lite/{Z}/{X}/{Y}.png,-41.3194,174.7828,0.0296,0.0155
32,2012-08-06 00:08:16,http://tile.stamen.com/toner-lite/{Z}/{X}/{Y}.png,-41.3342,174.7828,0.0296,0.0155
33,2014-10-14 00:31:38,http://tile.openstreetmap.org/{Z}/{X}/{Y}.png,37.8725,-25.8556,0.0797,0.0797
33,2014-10-14 00:31:38,http://tile.openstreetmap.org/{Z}/{X}/{Y}.png,37.8725,-25.1732,0.0798,0.0797
33,2014-10-14 00:31:38,http://tile.openstreetmap.org/{Z}/{X}/{Y}.png,37.8725,-25.0973,0.0798,0.0797
33,2014-10-14 00:31:38,http://tile.openstreetmap.org/{Z}/{X}/{Y}.png,37.8725,-25.7797,0.0797,0.0797
33,2014-10-14 00:31:38,http://tile.openstreetmap.org/{Z}/{X}/{Y}.png,37.8725,-25.7039,0.0798,0.0797
33,2014-10-14 00:31:38,http://tile.openstreetmap.org/{Z}/{X}/{Y}.png,37.8725,-25.6281,0.0798,0.0797
33,2014-10-14 00:31:38,http://tile.openstreetmap.org/{Z}/{X}/{Y}.png,37.8725,-25.5522,0.0798,0.0797
33,2014-10-14 00:31:38,http://tile.openstreetmap.org/{Z}/{X}/{Y}.png,37.8725,-25.4764,0.0797,0.0797
33,2014-10-14 00:31:38,http://tile.openstreetmap.org/{Z}/{X}/{Y}.png,37.8725,-25.4006,0.0797,0.0797
33,2014-10-14 00:31:38,http://tile.openstreetmap.org/{Z}/{X}/{Y}.png,37.8725,-25.3248,0.0798,0.0797
33,2014-10-14 00:31:38,http://tile.openstreetmap.org/{Z}/{X}/{Y}.png,37.8725,-25.249,0.0798,0.0797
33,2014-10-14 00:31:38,http://tile.openstreetmap.org/{Z}/{X}/{Y}.png,37.7926,-25.8556,0.0797,0.0798
33,2014-10-14 00:31:38,http://tile.openstreetmap.org/{Z}/{X}/{Y}.png,37.7926,-25.1732,0.0798,0.0798
33,2014-10-14 00:31:38,http://tile.openstreetmap.org/{Z}/{X}/{Y}.png,37.7926,-25.0973,0.0798,0.0798
33,2014-10-14 00:31:38,http://tile.openstreetmap.org/{Z}/{X}/{Y}.png,37.7926,-25.7797,0.0797,0.0798
33,2014-10-14 00:31:38,http://tile.openstreetmap.org/{Z}/{X}/{Y}.png,37.7926,-25.7039,0.0798,0.0798
33,2014-10-14 00:31:38,http://tile.openstreetmap.org/{Z}/{X}/{Y}.png,37.7926,-25.6281,0.0798,0.0798
33,2014-10-14 00:31:38,http://tile.openstreetmap.org/{Z}/{X}/{Y}.png,37.7926,-25.5522,0.0798,0.0798
33,2014-10-14 00:31:38,http://tile.openstreetmap.org/{Z}/{X}/{Y}.png,37.7926,-25.4764,0.0797,0.0798
33,2014-10-14 00:31:38,http://tile.openstreetmap.org/{Z}/{X}/{Y}.png,37.7926,-25.4006,0.0797,0.0798
33,2014-10-14 00:31:38,http://tile.openstreetmap.org/{Z}/{X}/{Y}.png,37.7926,-25.3248,0.0798,0.0798
33,2014-10-14 00:31:38,http://tile.openstreetmap.org/{Z}/{X}/{Y}.png,37.7926,-25.249,0.0798,0.0798
33,2014-10-14 00:31:38,http://tile.openstreetmap.org/{Z}/{X}/{Y}.png,37.7127,-25.8556,0.0797,0.0799
33,2014-10-14 00:31:38,http://tile.openstreetmap.org/{Z}/{X}/{Y}.png,37.7127,-25.1732,0.0798,0.0799
33,2014-10-14 00:31:38,http://tile.openstreetmap.org/{Z}/{X}/{Y}.png,37.7127,-25.0973,0.0798,0.0799
33,2014-10-14 00:31:38,http://tile.openstreetmap.org/{Z}/{X}/{Y}.png,37.7127,-25.7797,0.0797,0.0799
33,2014-10-14 00:31:38,http://tile.openstreetmap.org/{Z}/{X}/{Y}.png,37.7127,-25.7039,0.0798,0.0799
33,2014-10-14 00:31:38,http://tile.openstreetmap.org/{Z}/{X}/{Y}.png,37.7127,-25.6281,0.0798,0.0799
33,2014-10-14 00:31:38,http://tile.openstreetmap.org/{Z}/{X}/{Y}.png,37.7127,-25.5522,0.0798,0.0799
33,2014-10-14 00:31:38,http://tile.openstreetmap.org/{Z}/{X}/{Y}.png,37.7127,-25.4764,0.0797,0.0799
33,2014-10-14 00:31:38,http://tile.openstreetmap.org/{Z}/{X}/{Y}.png,37.7127,-25.4006,0.0797,0.0799
33,2014-10-14 00:31:38,http://tile.openstreetmap.org/{Z}/{X}/{Y}.png,37.7127,-25.3248,0.0798,0.0799
33,2014-10-14 00:31:38,http://tile.openstreetmap.org/{Z}/{X}/{Y}.png,37.7127,-25.249,0.0798,0.0799
34,2013-04-18 08:05:32,http://tile.stamen.com/toner-lite/{Z}/{X}/{Y}.png,44.5083,34.1352,0.049,0.0244
34,2013-04-18 08:05:32,http://tile.stamen.com/toner-lite/{Z}/{X}/{Y}.png,44.5083,34.1842,0.049,0.0244
34,2013-04-18 08:05:32,http://tile.stamen.com/toner-lite/{Z}/{X}/{Y}.png,44.4849,34.1352,0.049,0.0245
34,2013-04-18 08:05:32,http://tile.stamen.com/toner-lite/{Z}/{X}/{Y}.png,44.4849,34.1842,0.049,0.0245
35,2014-01-07 18:04:19,http://tile.openstreetmap.org/{Z}/{X}/{Y}.png,32.2477,77.1882,0.0745,0.0441
36,2014-10-07 06:33:14,http://tile.stamen.com/toner-lite/{Z}/{X}/{Y}.png,57.4703,-5.4383,14.2713,5.3603
36,2014-10-07 06:33:14,http://tile.stamen.com/toner-lite/{Z}/{X}/{Y}.png,57.4703,8.833,14.2712,5.3603
36,2014-10-07 06:33:14,http://tile.stamen.com/toner-lite/{Z}/{X}/{Y}.png,57.4703,23.1043,14.2713,5.3603
36,2014-10-07 06:33:14,http://tile.stamen.com/toner-lite/{Z}/{X}/{Y}.png,57.4703,37.3755,14.2712,5.3603
36,2014-10-07 06:33:14,http://tile.stamen.com/toner-lite/{Z}/{X}/{Y}.png,51.9943,-5.4383,14.2713,6.1386
36,2014-10-07 06:33:14,http://tile.stamen.com/toner-lite/{Z}/{X}/{Y}.png,51.9943,8.833,14.2712,6.1386
36,2014-10-07 06:33:14,http://tile.stamen.com/toner-lite/{Z}/{X}/{Y}.png,51.9943,23.1043,14.2713,6.1386
36,2014-10-07 06:33:14,http://tile.stamen.com/toner-lite/{Z}/{X}/{Y}.png,51.9943,37.3755,14.2712,6.1386
36,2014-10-07 06:33:14,http://tile.stamen.com/toner-lite/{Z}/{X}/{Y}.png,45.7584,-5.4383,14.2713,6.9565
36,2014-10-07 06:33:14,http://tile.stamen.com/toner-lite/{Z}/{X}/{Y}.png,45.7584,8.833,14.2712,6.9565
36,2014-10-07 06:33:14,http://tile.stamen.com/toner-lite/{Z}/{X}/{Y}.png,45.7584,23.1043,14.2713,6.9565
36,2014-10-07 06:33:14,http://tile.stamen.com/toner-lite/{Z}/{X}/{Y}.png,45.7584,37.3755,14.2712,6.9565
36,2014-10-07 06:33:14,http://tile.stamen.com/toner-lite/{Z}/{X}/{Y}.png,38.7421,-5.4383,14.2713,7.7781
36,2014-10-07 06:33:14,http://tile.stamen.com/toner-lite/{Z}/{X}/{Y}.png,38.7421,8.833,14.2712,7.7781
36,2014-10-07 06:33:14,http://tile.stamen.com/toner-lite/{Z}/{X}/{Y}.png,38.7421,23.1043,14.2713,7.7781
36,2014-10-07 06:33:14,http://tile.stamen.com/toner-lite/{Z}/{X}/{Y}.png,38.7421,37.3755,14.2712,7.7781
37,2014-12-22 03:21:16,http://tile.opencyclemap.org/cycle/{Z}/{X}/{Y}.png,-29.9618,28.7649,0.8295,0.5031
37,2014-12-22 03:21:16,http://tile.opencyclemap.org/cycle/{Z}/{X}/{Y}.png,-29.9618,29.5945,0.8295,0.5031
38,2014-12-09 23:13:55,http://tile.stamen.com/boner/{Z}/{X}/{Y}.jpg,19.0539,72.9073,0.0022,0.0015
38,2014-12-09 23:13:55,http://tile.stamen.com/boner/{Z}/{X}/{Y}.jpg,19.0539,72.9094,0.0021,0.0015
38,2014-12-09 23:13:55,http://tile.stamen.com/boner/{Z}/{X}/{Y}.jpg,19.0525,72.9073,0.0022,0.0014
38,2014-12-09 23:13:55,http://tile.stamen.com/boner/{Z}/{X}/{Y}.jpg,19.0525,72.9094,0.0021,0.0014
39,2014-09-22 22:44:39,http://tile.openstreetmap.org/{Z}/{X}/{Y}.png,-6.1162,106.7232,0.0078,0.0098
40,2013-09-15 01:55:01,http://tile.openstreetmap.org/{Z}/{X}/{Y}.png,48.8085,2.1247,0.0039,0.0016
40,2013-09-15 01:55:01,http://tile.openstreetmap.org/{Z}/{X}/{Y}.png,48.8085,2.1284,0.0038,0.0016
40,2013-09-15 01:55:01,http://tile.openstreetmap.org/{Z}/{X}/{Y}.png,48.8085,2.132,0.0038,0.0016
40,2013-09-15 01:55:01,http://tile.openstreetmap.org/{Z}/{X}/{Y}.png,48.8085,2.1357,0.0039,0.0016
40,2013-09-15 01:55:01,http://tile.openstreetmap.org/{Z}/{X}/{Y}.png,48.8069,2.1247,0.0039,0.0016
40,2013-09-15 01:55:01,http://tile.openstreetmap.org/{Z}/{X}/{Y}.png,48.8069,2.1284,0.0038,0.0016
40,2013-09-15 01:55:01,http://tile.openstreetmap.org/{Z}/{X}/{Y}.png,48.8069,2.132,0.0038,0.0016
40,2013-09-15 01:55:01,http://tile.openstreetmap.org/{Z}/{X}/{Y}.png,48.8069,2.1357,0.0039,0.0016
40,2013-09-15 01:55:01,http://tile.openstreetmap.org/{Z}/{X}/{Y}.png,48.8053,2.1247,0.0039,0.0016
40,2013-09-15 01:55:01,http://tile.openstreetmap.org/{Z}/{X}/{Y}.png,48.8053,2.1284,0.0038,0.0016
40,2013-09-15 01:55:01,http://tile.openstreetmap.org/{Z}/{X}/{Y}.png,48.8053,2.132,0.0038,0.0016
40,2013-09-15 01:55:01,http://tile.openstreetmap.org/{Z}/{X}/{Y}.png,48.8053,2.1357,0.0039,0.0016
41,2013-11-07 17:34:15,http://tile.openstreetmap.org/{Z}/{X}/{Y}.png,51.8312,10.7708,0.0473,0.0204
42,2013-09-03 10:17:38,http://tile.stamen.com/toner-lite/{Z}/{X}/{Y}.png,43.6769,1.4279,0.1751,0.0886
43,2014-05-04 15:49:53,http://tile.openstreetmap.org/{Z}/{X}/{Y}.png,34.8402,134.6875,0.008,0.0084
43,2014-05-04 15:49:53,http://tile.openstreetmap.org/{Z}/{X}/{Y}.png,34.8402,134.6952,0.0081,0.0084
43,2014-05-04 15:49:53,http://tile.openstreetmap.org/{Z}/{X}/{Y}.png,34.8319,134.6875,0.008,0.0083
43,2014-05-04 15:49:53,http://tile.openstreetmap.org/{Z}/{X}/{Y}.png,34.8319,134.6952,0.0081,0.0083
43,2014-05-04 15:49:53,http://tile.openstreetmap.org/{Z}/{X}/{Y}.png,34.8235,134.6875,0.008,0.0084
43,2014-05-04 15:49:53,http://tile.openstreetmap.org/{Z}/{X}/{Y}.png,34.8235,134.6952,0.0081,0.0084
44,2014-04-28 13:14:12,http://tile.stamen.com/toner-lite/{Z}/{X}/{Y}.png,43.6603,-79.7839,0.0738,0.0374
44,2014-04-28 13:14:12,http://tile.stamen.com/toner-lite/{Z}/{X}/{Y}.png,43.6603,-79.71,0.0739,0.0374
44,2014-04-28 13:14:12,http://tile.stamen.com/toner-lite/{Z}/{X}/{Y}.png,43.6603,-79.6362,0.0738,0.0374
44,2014-04-28 13:14:12,http://tile.stamen.com/toner-lite/{Z}/{X}/{Y}.png,43.6603,-79.5624,0.0738,0.0374
44,2014-04-28 13:14:12,http://tile.stamen.com/toner-lite/{Z}/{X}/{Y}.png,43.6247,-79.7839,0.0738,0.0374
44,2014-04-28 13:14:12,http://tile.stamen.com/toner-lite/{Z}/{X}/{Y}.png,43.6247,-79.71,0.0739,0.0374
44,2014-04-28 13:14:12,http://tile.stamen.com/toner-lite/{Z}/{X}/{Y}.png,43.6247,-79.6362,0.0738,0.0374
44,2014-04-28 13:14:12,http://tile.stamen.com/toner-lite/{Z}/{X}/{Y}.png,43.6247,-79.5624,0.0738,0.0374
44,2014-04-28 13:14:12,http://tile.stamen.com/toner-lite/{Z}/{X}/{Y}.png,43.5891,-79.7839,0.0738,0.0375
44,2014-04-28 13:14:12,http://tile.stamen.com/toner-lite/{Z}/{X}/{Y}.png,43.5891,-79.71,0.0739,0.0375
44,2014-04-28 13:14:12,http://tile.stamen.com/toner-lite/{Z}/{X}/{Y}.png,43.5891,-79.6362,0.0738,0.0375
44,2014-04-28 13:14:12,http://tile.stamen.com/toner-lite/{Z}/{X}/{Y}.png,43.5891,-79.5624,0.0738,0.0375
44,2014-04-28 13:14:12,http://tile.stamen.com/toner-lite/{Z}/{X}/{Y}.png,43.5534,-79.7839,0.0738,0.0374
44,2014-04-28 13:14:12,http://tile.stamen.com/toner-lite/{Z}/{X}/{Y}.png,43.5534,-79.71,0.0739,0.0374
44,2014-04-28 13:14:12,http://tile.stamen.com/toner-lite/{Z}/{X}/{Y}.png,43.5534,-79.6362,0.0738,0.0374
44,2014-04-28 13:14:12,http://tile.stamen.com/toner-lite/{Z}/{X}/{Y}.png,43.5534,-79.5624,0.0738,0.0374
44,2014-04-28 13:14:12,http://tile.stamen.com/toner-lite/{Z}/{X}/{Y}.png,43.5177,-79.7839,0.0738,0.0375
44,2014-04-28 13:14:12,http://tile.stamen.com/toner-lite/{Z}/{X}/{Y}.png,43.5177,-79.71,0.0739,0.0375
44,2014-04-28 13:14:12,http://tile.stamen.com/toner-lite/{Z}/{X}/{Y}.png,43.5177,-79.6362,0.0738,0.0375
44,2014-04-28 13:14:12,http://tile.stamen.com/toner-lite/{Z}/{X}/{Y}.png,43.5177,-79.5624,0.0738,0.0375
45,2014-03-25 08:16:20,http://tile.openstreetmap.org/{Z}/{X}/{Y}.png,47.3897,8.5158,0.0075,0.0064
45,2014-03-25 08:16:20,http://tile.openstreetmap.org/{Z}/{X}/{Y}.png,47.3897,8.5229,0.0075,0.0064
45,2014-03-25 08:16:20,http://tile.openstreetmap.org/{Z}/{X}/{Y}.png,47.3897,8.5299,0.0075,0.0064
45,2014-03-25 08:16:20,http://tile.openstreetmap.org/{Z}/{X}/{Y}.png,47.3897,8.5371,0.0075,0.0064
45,2014-03-25 08:16:20,http://tile.openstreetmap.org/{Z}/{X}/{Y}.png,47.3897,8.5442,0.0075,0.0064
45,2014-03-25 08:16:20,http://tile.openstreetmap.org/{Z}/{X}/{Y}.png,47.3897,8.5512,0.0075,0.0064
45,2014-03-25 08:16:20,http://tile.openstreetmap.org/{Z}/{X}/{Y}.png,47.3897,8.5584,0.0074,0.0064
45,2014-03-25 08:16:20,http://tile.openstreetmap.org/{Z}/{X}/{Y}.png,47.3833,8.5158,0.0075,0.0064
45,2014-03-25 08:16:20,http://tile.openstreetmap.org/{Z}/{X}/{Y}.png,47.3833,8.5229,0.0075,0.0064
45,2014-03-25 08:16:20,http://tile.openstreetmap.org/{Z}/{X}/{Y}.png,47.3833,8.5299,0.0075,0.0064
45,2014-03-25 08:16:20,http://tile.openstreetmap.org/{Z}/{X}/{Y}.png,47.3833,8.5371,0.0075,0.0064
45,2014-03-25 08:16:20,http://tile.openstreetmap.org/{Z}/{X}/{Y}.png,47.3833,8.5442,0.0075,0.0064
45,2014-03-25 08:16:20,http://tile.openstreetmap.org/{Z}/{X}/{Y}.png,47.3833,8.5512,0.0075,0.0064
45,2014-03-25 08:16:20,http://tile.openstreetmap.org/{Z}/{X}/{Y}.png,47.3833,8.5584,0.0074,0.0064
45,2014-03-25 08:16:20,http://tile.openstreetmap.org/{Z}/{X}/{Y}.png,47.3769,8.5158,0.0075,0.0064
45,2014-03-25 08:16:20,http://tile.openstreetmap.org/{Z}/{X}/{Y}.png,47.3769,8.5229,0.0075,0.0064
45,2014-03-25 08:16:20,http://tile.openstreetmap.org/{Z}/{X}/{Y}.png,47.3769,8.5299,0.0075,0.0064
45,2014-03-25 08:16:20,http://tile.openstreetmap.org/{Z}/{X}/{Y}.png,47.3769,8.5371,0.0075,0.0064
45,2014-03-25 08:16:20,http://tile.openstreetmap.org/{Z}/{X}/{Y}.png,47.3769,8.5442,0.0075,0.0064
45,2014-03-25 08:16:20,http://tile.openstreetmap.org/{Z}/{X}/{Y}.png,47.3769,8.5512,0.0075,0.0064
45,2014-03-25 08:16:20,http://tile.openstreetmap.org/{Z}/{X}/{Y}.png,47.3769,8.5584,0.0074,0.0064
45,2014-03-25 08:16:20,http://tile.openstreetmap.org/{Z}/{X}/{Y}.png,47.3704,8.5158,0.0075,0.0065
45,2014-03-25 08:16:20,http://tile.openstreetmap.org/{Z}/{X}/{Y}.png,47.3704,8.5229,0.0075,0.0065
45,2014-03-25 08:16:20,http://tile.openstreetmap.org/{Z}/{X}/{Y}.png,47.3704,8.5299,0.0075,0.0065
45,2014-03-25 08:16:20,http://tile.openstreetmap.org/{Z}/{X}/{Y}.png,47.3704,8.5371,0.0075,0.0065
45,2014-03-25 08:16:20,http://tile.openstreetmap.org/{Z}/{X}/{Y}.png,47.3704,8.5442,0.0075,0.0065
45,2014-03-25 08:16:20,http://tile.openstreetmap.org/{Z}/{X}/{Y}.png,47.3704,8.5512,0.0075,0.0065
45,2014-03-25 08:16:20,http://tile.openstreetmap.org/{Z}/{X}/{Y}.png,47.3704,8.5584,0.0074,0.0065
45,2014-03-25 08:16:20,http://tile.openstreetmap.org/{Z}/{X}/{Y}.png,47.364,8.5158,0.0075,0.0064
45,2014-03-25 08:16:20,http://tile.openstreetmap.org/{Z}/{X}/{Y}.png,47.364,8.5229,0.0075,0.0064
45,2014-03-25 08:16:20,http://tile.openstreetmap.org/{Z}/{X}/{Y}.png,47.364,8.5299,0.0075,0.0064
45,2014-03-25 08:16:20,http://tile.openstreetmap.org/{Z}/{X}/{Y}.png,47.364,8.5371,0.0075,0.0064
45,2014-03-25 08:16:20,http://tile.openstreetmap.org/{Z}/{X}/{Y}.png,47.364,8.5442,0.0075,0.0064
45,2014-03-25 08:16:20,http://tile.openstreetmap.org/{Z}/{X}/{Y}.png,47.364,8.5512,0.0075,0.0064
45,2014-03-25 08:16:20,http://tile.openstreetmap.org/{Z}/{X}/{Y}.png,47.364,8.5584,0.0074,0.0064
45,2014-03-25 08:16:20,http://tile.openstreetmap.org/{Z}/{X}/{Y}.png,47.3576,8.5158,0.0075,0.0064
45,2014-03-25 08:16:20,http://tile.openstreetmap.org/{Z}/{X}/{Y}.png,47.3576,8.5229,0.0075,0.0064
45,2014-03-25 08:16:20,http://tile.openstreetmap.org/{Z}/{X}/{Y}.png,47.3576,8.5299,0.0075,0.0064
45,2014-03-25 08:16:20,http://tile.openstreetmap.org/{Z}/{X}/{Y}.png,47.3576,8.5371,0.0075,0.0064
45,2014-03-25 08:16:20,http://tile.openstreetmap.org/{Z}/{X}/{Y}.png,47.3576,8.5442,0.0075,0.0064
45,2014-03-25 08:16:20,http://tile.openstreetmap.org/{Z}/{X}/{Y}.png,47.3576,8.5512,0.0075,0.0064
45,2014-03-25 08:16:20,http://tile.openstreetmap.org/{Z}/{X}/{Y}.png,47.3576,8.5584,0.0074,0.0064
45,2014-03-25 08:16:20,http://tile.openstreetmap.org/{Z}/{X}/{Y}.png,47.3512,8.5158,0.0075,0.0064
45,2014-03-25 08:16:20,http://tile.openstreetmap.org/{Z}/{X}/{Y}.png,47.3512,8.5229,0.0075,0.0064
45,2014-03-25 08:16:20,http://tile.openstreetmap.org/{Z}/{X}/{Y}.png,47.3512,8.5299,0.0075,0.0064
45,2014-03-25 08:16:20,http://tile.openstreetmap.org/{Z}/{X}/{Y}.png,47.3512,8.5371,0.0075,0.0064
45,2014-03-25 08:16:20,http://tile.openstreetmap.org/{Z}/{X}/{Y}.png,47.3512,8.5442,0.0075,0.0064
45,2014-03-25 08:16:20,http://tile.openstreetmap.org/{Z}/{X}/{Y}.png,47.3512,8.5512,0.0075,0.0064
45,2014-03-25 08:16:20,http://tile.openstreetmap.org/{Z}/{X}/{Y}.png,47.3512,8.5584,0.0074,0.0064
46,2013-12-23 07:59:54,http://tile.stamen.com/boner/{Z}/{X}/{Y}.jpg,22.7313,120.2499,0.004,0.0046
47,2013-09-01 22:14:18,http://tile.openstreetmap.org/{Z}/{X}/{Y}.png,37.7801,-122.1813,0.0149,0.0082
48,2014-05-26 02:47:18,http://tile.openstreetmap.org/{Z}/{X}/{Y}.png,40.648,-8.6422,0.0088,0.0047
49,2013-12-21 21:48:49,http://tile.stamen.com/boner/{Z}/{X}/{Y}.jpg,22.7263,120.2582,0.0042,0.0027
50,2013-04-28 08:27:28,http://tile.openstreetmap.org/{Z}/{X}/{Y}.png,68.0529,13.2275,6.8693,1.6253
50,2013-04-28 08:27:28,http://tile.openstreetmap.org/{Z}/{X}/{Y}.png,68.0529,19.7534,6.8694,1.6253
50,2013-04-28 08:27:28,http://tile.openstreetmap.org/{Z}/{X}/{Y}.png,66.3686,13.2275,6.8693,1.7432
50,2013-04-28 08:27:28,http://tile.openstreetmap.org/{Z}/{X}/{Y}.png,66.3686,19.7534,6.8694,1.7432
50,2013-04-28 08:27:28,http://tile.openstreetmap.org/{Z}/{X}/{Y}.png,64.5631,13.2275,6.8693,1.8678
50,2013-04-28 08:27:28,http://tile.openstreetmap.org/{Z}/{X}/{Y}.png,64.5631,19.7534,6.8694,1.8678
50,2013-04-28 08:27:28,http://tile.openstreetmap.org/{Z}/{X}/{Y}.png,62.6295,13.2275,6.8693,1.9993
50,2013-04-28 08:27:28,http://tile.openstreetmap.org/{Z}/{X}/{Y}.png,62.6295,19.7534,6.8694,1.9993
50,2013-04-28 08:27:28,http://tile.openstreetmap.org/{Z}/{X}/{Y}.png,60.5612,13.2275,6.8693,2.1374
50,2013-04-28 08:27:28,http://tile.openstreetmap.org/{Z}/{X}/{Y}.png,60.5612,19.7534,6.8694,2.1374
50,2013-04-28 08:27:28,http://tile.openstreetmap.org/{Z}/{X}/{Y}.png,58.3516,13.2275,6.8693,2.2818
50,2013-04-28 08:27:28,http://tile.openstreetmap.org/{Z}/{X}/{Y}.png,58.3516,19.7534,6.8694,2.2818
50,2013-04-28 08:27:28,http://tile.openstreetmap.org/{Z}/{X}/{Y}.png,55.9946,13.2275,6.8693,2.4322
50,2013-04-28 08:27:28,http://tile.openstreetmap.org/{Z}/{X}/{Y}.png,55.9946,19.7534,6.8694,2.4322
51,2015-02-06 13:37:13,http://tile.openstreetmap.org/{Z}/{X}/{Y}.png,44.4676,7.3627,0.0423,0.0211
52,2014-08-14 00:48:12,http://tile.openstreetmap.org/{Z}/{X}/{Y}.png,-15.7828,35.0043,0.011,0.0075
52,2014-08-14 00:48:12,http://tile.openstreetmap.org/{Z}/{X}/{Y}.png,-15.7828,35.0153,0.011,0.0075
52,2014-08-14 00:48:12,http://tile.openstreetmap.org/{Z}/{X}/{Y}.png,-15.7899,35.0043,0.011,0.0074
52,2014-08-14 00:48:12,http://tile.openstreetmap.org/{Z}/{X}/{Y}.png,-15.7899,35.0153,0.011,0.0074
53,2014-10-02 04:42:57,http://tile.openstreetmap.org/{Z}/{X}/{Y}.png,47.5703,-52.7272,0.0095,0.0045
54,2013-10-13 14:50:12,http://tile.openstreetmap.org/{Z}/{X}/{Y}.png,50.8516,11.1638,0.0786,0.0347
54,2013-10-13 14:50:12,http://tile.openstreetmap.org/{Z}/{X}/{Y}.png,50.8516,11.2424,0.0786,0.0347
54,2013-10-13 14:50:12,http://tile.openstreetmap.org/{Z}/{X}/{Y}.png,50.8186,11.1638,0.0786,0.0347
54,2013-10-13 14:50:12,http://tile.openstreetmap.org/{Z}/{X}/{Y}.png,50.8186,11.2424,0.0786,0.0347
55,2014-07-04 12:25:49,http://tile.openstreetmap.org/{Z}/{X}/{Y}.png,41.6236,2.2877,0.0037,0.0035
55,2014-07-04 12:25:49,http://tile.openstreetmap.org/{Z}/{X}/{Y}.png,41.6236,2.2912,0.0037,0.0035
55,2014-07-04 12:25:49,http://tile.openstreetmap.org/{Z}/{X}/{Y}.png,41.6236,2.2948,0.0036,0.0035
55,2014-07-04 12:25:49,http://tile.openstreetmap.org/{Z}/{X}/{Y}.png,41.6236,2.2984,0.0037,0.0035
55,2014-07-04 12:25:49,http://tile.openstreetmap.org/{Z}/{X}/{Y}.png,41.6236,2.3018,0.0037,0.0035
55,2014-07-04 12:25:49,http://tile.openstreetmap.org/{Z}/{X}/{Y}.png,41.6236,2.3053,0.0037,0.0035
55,2014-07-04 12:25:49,http://tile.openstreetmap.org/{Z}/{X}/{Y}.png,41.6201,2.2877,0.0037,0.0035
55,2014-07-04 12:25:49,http://tile.openstreetmap.org/{Z}/{X}/{Y}.png,41.6201,2.2912,0.0037,0.0035
55,2014-07-04 12:25:49,http://tile.openstreetmap.org/{Z}/{X}/{Y}.png,41.6201,2.2948,0.0036,0.0035
55,2014-07-04 12:25:49,http://tile.openstreetmap.org/{Z}/{X}/{Y}.png,41.6201,2.2984,0.0037,0.0035
55,2014-07-04 12:25:49,http://tile.openstreetmap.org/{Z}/{X}/{Y}.png,41.6201,2.3018,0.0037,0.0035
55,2014-07-04 12:25:49,http://tile.openstreetmap.org/{Z}/{X}/{Y}.png,41.6201,2.3053,0.0037,0.0035
55,2014-07-04 12:25:49,http://tile.openstreetmap.org/{Z}/{X}/{Y}.png,41.6166,2.2877,0.0037,0.0035
55,2014-07-04 12:25:49,http://tile.openstreetmap.org/{Z}/{X}/{Y}.png,41.6166,2.2912,0.0037,0.0035
55,2014-07-04 12:25:49,http://tile.openstreetmap.org/{Z}/{X}/{Y}.png,41.6166,2.2948,0.0036,0.0035
55,2014-07-04 12:25:49,http://tile.openstreetmap.org/{Z}/{X}/{Y}.png,41.6166,2.2984,0.0037,0.0035
55,2014-07-04 12:25:49,http://tile.openstreetmap.org/{Z}/{X}/{Y}.png,41.6166,2.3018,0.0037,0.0035
55,2014-07-04 12:25:49,http://tile.openstreetmap.org/{Z}/{X}/{Y}.png,41.6166,2.3053,0.0037,0.0035
55,2014-07-04 12:25:49,http://tile.openstreetmap.org/{Z}/{X}/{Y}.png,41.6132,2.2877,0.0037,0.0035
55,2014-07-04 12:25:49,http://tile.openstreetmap.org/{Z}/{X}/{Y}.png,41.6132,2.2912,0.0037,0.0035
55,2014-07-04 12:25:49,http://tile.openstreetmap.org/{Z}/{X}/{Y}.png,41.6132,2.2948,0.0036,0.0035
55,2014-07-04 12:25:49,http://tile.openstreetmap.org/{Z}/{X}/{Y}.png,41.6132,2.2984,0.0037,0.0035
55,2014-07-04 12:25:49,http://tile.openstreetmap.org/{Z}/{X}/{Y}.png,41.6132,2.3018,0.0037,0.0035
55,2014-07-04 12:25:49,http://tile.openstreetmap.org/{Z}/{X}/{Y}.png,41.6132,2.3053,0.0037,0.0035
56,2012-08-26 06:51:17,http://tile.stamen.com/toner-lite/{Z}/{X}/{Y}.png,40.6782,-73.9958,0.0389,0.0412
57,2014-06-20 07:33:09,http://tile.openstreetmap.org/{Z}/{X}/{Y}.png,45.5063,-73.5614,0.0271,0.0241
58,2013-05-07 12:10:54,http://tile.stamen.com/toner-lite/{Z}/{X}/{Y}.png,49.7511,6.644,0.0056,0.0025
59,2015-01-17 04:27:17,http://api.tiles.mapbox.com/v3/stamen.i808gmk6/{Z}/{X}/{Y}.png,53.4025,7.6086,0.0063,0.0027
60,2012-10-20 12:10:57,http://tile.stamen.com/bing-lite/{Z}/{X}/{Y}.jpg,48.3817,-89.2841,0.0772,0.036
60,2012-10-20 12:10:57,http://tile.stamen.com/bing-lite/{Z}/{X}/{Y}.jpg,48.3817,-89.2069,0.0773,0.036
61,2014-06-21 07:16:30,http://tile.stamen.com/toner-lite/{Z}/{X}/{Y}.png,45.0927,7.5557,0.0446,0.0221
61,2014-06-21 07:16:30,http://tile.stamen.com/toner-lite/{Z}/{X}/{Y}.png,45.0927,7.6003,0.0446,0.0221
61,2014-06-21 07:16:30,http://tile.stamen.com/toner-lite/{Z}/{X}/{Y}.png,45.0927,7.6449,0.0446,0.0221
61,2014-06-21 07:16:30,http://tile.stamen.com/toner-lite/{Z}/{X}/{Y}.png,45.0927,7.6895,0.0445,0.0221
61,2014-06-21 07:16:30,http://tile.stamen.com/toner-lite/{Z}/{X}/{Y}.png,45.0718,7.5557,0.0446,0.022
61,2014-06-21 07:16:30,http://tile.stamen.com/toner-lite/{Z}/{X}/{Y}.png,45.0718,7.6003,0.0446,0.022
61,2014-06-21 07:16:30,http://tile.stamen.com/toner-lite/{Z}/{X}/{Y}.png,45.0718,7.6449,0.0446,0.022
61,2014-06-21 07:16:30,http://tile.stamen.com/toner-lite/{Z}/{X}/{Y}.png,45.0718,7.6895,0.0445,0.022
61,2014-06-21 07:16:30,http://tile.stamen.com/toner-lite/{Z}/{X}/{Y}.png,45.0508,7.5557,0.0446,0.022
61,2014-06-21 07:16:30,http://tile.stamen.com/toner-lite/{Z}/{X}/{Y}.png,45.0508,7.6003,0.0446,0.022
61,2014-06-21 07:16:30,http://tile.stamen.com/toner-lite/{Z}/{X}/{Y}.png,45.0508,7.6449,0.0446,0.022
61,2014-06-21 07:16:30,http://tile.stamen.com/toner-lite/{Z}/{X}/{Y}.png,45.0508,7.6895,0.0445,0.022
61,2014-06-21 07:16:30,http://tile.stamen.com/toner-lite/{Z}/{X}/{Y}.png,45.0298,7.5557,0.0446,0.022
61,2014-06-21 07:16:30,http://tile.stamen.com/toner-lite/{Z}/{X}/{Y}.png,45.0298,7.6003,0.0446,0.022
61,2014-06-21 07:16:30,http://tile.stamen.com/toner-lite/{Z}/{X}/{Y}.png,45.0298,7.6449,0.0446,0.022
61,2014-06-21 07:16:30,http://tile.stamen.com/toner-lite/{Z}/{X}/{Y}.png,45.0298,7.6895,0.0445,0.022
62,2013-11-05 06:43:56,http://tile.openstreetmap.org/{Z}/{X}/{Y}.png,37.3936,-5.9934,0.0155,0.0086
63,2013-04-29 05:42:02,http://tile.openstreetmap.org/{Z}/{X}/{Y}.png,49.96,8.2351,0.1946,0.1586
64,2014-11-01 10:00:13,http://api.tiles.mapbox.com/v3/stamen.i808gmk6/{Z}/{X}/{Y}.png,9.8643,-83.0232,0.0611,0.0422
65,2014-08-19 07:40:11,http://tile.openstreetmap.org/{Z}/{X}/{Y}.png,55.8292,-4.1545,0.0773,0.0304
66,2013-10-20 06:24:58,http://tile.openstreetmap.org/{Z}/{X}/{Y}.png,56.6082,65.8852,0.0773,0.0298
66,2013-10-20 06:24:58,http://tile.openstreetmap.org/{Z}/{X}/{Y}.png,56.6082,65.9624,0.0772,0.0298
66,2013-10-20 06:24:58,http://tile.openstreetmap.org/{Z}/{X}/{Y}.png,56.6082,66.0396,0.0773,0.0298
66,2013-10-20 06:24:58,http://tile.openstreetmap.org/{Z}/{X}/{Y}.png,56.6082,66.1169,0.0772,0.0298
66,2013-10-20 06:24:58,http://tile.openstreetmap.org/{Z}/{X}/{Y}.png,56.6082,66.1942,0.0773,0.0298
66,2013-10-20 06:24:58,http://tile.openstreetmap.org/{Z}/{X}/{Y}.png,56.5799,65.8852,0.0773,0.0298
66,2013-10-20 06:24:58,http://tile.openstreetmap.org/{Z}/{X}/{Y}.png,56.5799,65.9624,0.0772,0.0298
66,2013-10-20 06:24:58,http://tile.openstreetmap.org/{Z}/{X}/{Y}.png,56.5799,66.0396,0.0773,0.0298
66,2013-10-20 06:24:58,http://tile.openstreetmap.org/{Z}/{X}/{Y}.png,56.5799,66.1169,0.0772,0.0298
66,2013-10-20 06:24:58,http://tile.openstreetmap.org/{Z}/{X}/{Y}.png,56.5799,66.1942,0.0773,0.0298
66,2013-10-20 06:24:58,http://tile.openstreetmap.org/{Z}/{X}/{Y}.png,56.5515,65.8852,0.0773,0.0298
66,2013-10-20 06:24:58,http://tile.openstreetmap.org/{Z}/{X}/{Y}.png,56.5515,65.9624,0.0772,0.0298
66,2013-10-20 06:24:58,http://tile.openstreetmap.org/{Z}/{X}/{Y}.png,56.5515,66.0396,0.0773,0.0298
66,2013-10-20 06:24:58,http://tile.openstreetmap.org/{Z}/{X}/{Y}.png,56.5515,66.1169,0.0772,0.0298
66,2013-10-20 06:24:58,http://tile.openstreetmap.org/{Z}/{X}/{Y}.png,56.5515,66.1942,0.0773,0.0298
66,2013-10-20 06:24:58,http://tile.openstreetmap.org/{Z}/{X}/{Y}.png,56.5231,65.8852,0.0773,0.0298
66,2013-10-20 06:24:58,http://tile.openstreetmap.org/{Z}/{X}/{Y}.png,56.5231,65.9624,0.0772,0.0298
66,2013-10-20 06:24:58,http://tile.openstreetmap.org/{Z}/{X}/{Y}.png,56.5231,66.0396,0.0773,0.0298
66,2013-10-20 06:24:58,http://tile.openstreetmap.org/{Z}/{X}/{Y}.png,56.5231,66.1169,0.0772,0.0298
66,2013-10-20 06:24:58,http://tile.openstreetmap.org/{Z}/{X}/{Y}.png,56.5231,66.1942,0.0773,0.0298
66,2013-10-20 06:24:58,http://tile.openstreetmap.org/{Z}/{X}/{Y}.png,56.4947,65.8852,0.0773,0.0298
66,2013-10-20 06:24:58,http://tile.openstreetmap.org/{Z}/{X}/{Y}.png,56.4947,65.9624,0.0772,0.0298
66,2013-10-20 06:24:58,http://tile.openstreetmap.org/{Z}/{X}/{Y}.png,56.4947,66.0396,0.0773,0.0298
66,2013-10-20 06:24:58,http://tile.openstreetmap.org/{Z}/{X}/{Y}.png,56.4947,66.1169,0.0772,0.0298
66,2013-10-20 06:24:58,http://tile.openstreetmap.org/{Z}/{X}/{Y}.png,56.4947,66.1942,0.0773,0.0298
66,2013-10-20 06:24:58,http://tile.openstreetmap.org/{Z}/{X}/{Y}.png,56.4663,65.8852,0.0773,0.0299
66,2013-10-20 06:24:58,http://tile.openstreetmap.org/{Z}/{X}/{Y}.png,56.4663,65.9624,0.0772,0.0299
66,2013-10-20 06:24:58,http://tile.openstreetmap.org/{Z}/{X}/{Y}.png,56.4663,66.0396,0.0773,0.0299
66,2013-10-20 06:24:58,http://tile.openstreetmap.org/{Z}/{X}/{Y}.png,56.4663,66.1169,0.0772,0.0299
66,2013-10-20 06:24:58,http://tile.openstreetmap.org/{Z}/{X}/{Y}.png,56.4663,66.1942,0.0773,0.0299
66,2013-10-20 06:24:58,http://tile.openstreetmap.org/{Z}/{X}/{Y}.png,56.4378,65.8852,0.0773,0.0299
66,2013-10-20 06:24:58,http://tile.openstreetmap.org/{Z}/{X}/{Y}.png,56.4378,65.9624,0.0772,0.0299
66,2013-10-20 06:24:58,http://tile.openstreetmap.org/{Z}/{X}/{Y}.png,56.4378,66.0396,0.0773,0.0299
66,2013-10-20 06:24:58,http://tile.openstreetmap.org/{Z}/{X}/{Y}.png,56.4378,66.1169,0.0772,0.0299
66,2013-10-20 06:24:58,http://tile.openstreetmap.org/{Z}/{X}/{Y}.png,56.4378,66.1942,0.0773,0.0299
66,2013-10-20 06:24:58,http://tile.openstreetmap.org/{Z}/{X}/{Y}.png,56.4093,65.8852,0.0773,0.03
66,2013-10-20 06:24:58,http://tile.openstreetmap.org/{Z}/{X}/{Y}.png,56.4093,65.9624,0.0772,0.03
66,2013-10-20 06:24:58,http://tile.openstreetmap.org/{Z}/{X}/{Y}.png,56.4093,66.0396,0.0773,0.03
66,2013-10-20 06:24:58,http://tile.openstreetmap.org/{Z}/{X}/{Y}.png,56.4093,66.1169,0.0772,0.03
66,2013-10-20 06:24:58,http://tile.openstreetmap.org/{Z}/{X}/{Y}.png,56.4093,66.1942,0.0773,0.03
67,2014-04-09 20:07:23,http://a.tile.openstreetmap.fr/hot/{Z}/{X}/{Y}.png,-27.6394,153.1052,0.0772,0.048
68,2013-03-28 21:21:23,http://tile.stamen.com/toner-lite/{Z}/{X}/{Y}.png,-37.3881,144.3232,0.0772,0.0429
69,2013-10-27 17:05:22,http://tile.stamen.com/toner-lite/{Z}/{X}/{Y}.png,-27.6266,153.0664,0.0772,0.0479
69,2013-10-27 17:05:22,http://tile.stamen.com/toner-lite/{Z}/{X}/{Y}.png,-27.6266,153.1436,0.0773,0.0479
69,2013-10-27 17:05:22,http://tile.stamen.com/toner-lite/{Z}/{X}/{Y}.png,-27.6722,153.0664,0.0772,0.0479
69,2013-10-27 17:05:22,http://tile.stamen.com/toner-lite/{Z}/{X}/{Y}.png,-27.6722,153.1436,0.0773,0.0479
70,2014-01-06 07:45:52,http://tile.openstreetmap.org/{Z}/{X}/{Y}.png,21.315,-79.4751,11.272,7.344
71,2012-09-19 18:47:27,http://tile.openstreetmap.org/{Z}/{X}/{Y}.png,-10.1414,123.5987,0.0052,0.0035
71,2012-09-19 18:47:27,http://tile.openstreetmap.org/{Z}/{X}/{Y}.png,-10.1414,123.6038,0.0051,0.0035
71,2012-09-19 18:47:27,http://tile.openstreetmap.org/{Z}/{X}/{Y}.png,-10.1414,123.609,0.0052,0.0035
71,2012-09-19 18:47:27,http://tile.openstreetmap.org/{Z}/{X}/{Y}.png,-10.1414,123.6141,0.0051,0.0035
71,2012-09-19 18:47:27,http://tile.openstreetmap.org/{Z}/{X}/{Y}.png,-10.1414,123.6193,0.0051,0.0035
71,2012-09-19 18:47:27,http://tile.openstreetmap.org/{Z}/{X}/{Y}.png,-10.1414,123.6245,0.0052,0.0035
71,2012-09-19 18:47:27,http://tile.openstreetmap.org/{Z}/{X}/{Y}.png,-10.1448,123.5987,0.0052,0.0036
71,2012-09-19 18:47:27,http://tile.openstreetmap.org/{Z}/{X}/{Y}.png,-10.1448,123.6038,0.0051,0.0036
71,2012-09-19 18:47:27,http://tile.openstreetmap.org/{Z}/{X}/{Y}.png,-10.1448,123.609,0.0052,0.0036
71,2012-09-19 18:47:27,http://tile.openstreetmap.org/{Z}/{X}/{Y}.png,-10.1448,123.6141,0.0051,0.0036
71,2012-09-19 18:47:27,http://tile.openstreetmap.org/{Z}/{X}/{Y}.png,-10.1448,123.6193,0.0051,0.0036
71,2012-09-19 18:47:27,http://tile.openstreetmap.org/{Z}/{X}/{Y}.png,-10.1448,123.6245,0.0052,0.0036
71,2012-09-19 18:47:27,http://tile.openstreetmap.org/{Z}/{X}/{Y}.png,-10.1482,123.5987,0.0052,0.0036
71,2012-09-19 18:47:27,http://tile.openstreetmap.org/{Z}/{X}/{Y}.png,-10.1482,123.6038,0.0051,0.0036
71,2012-09-19 18:47:27,http://tile.openstreetmap.org/{Z}/{X}/{Y}.png,-10.1482,123.609,0.0052,0.0036
71,2012-09-19 18:47:27,http://tile.openstreetmap.org/{Z}/{X}/{Y}.png,-10.1482,123.6141,0.0051,0.0036
71,2012-09-19 18:47:27,http://tile.openstreetmap.org/{Z}/{X}/{Y}.png,-10.1482,123.6193,0.0051,0.0036
71,2012-09-19 18:47:27,http://tile.openstreetmap.org/{Z}/{X}/{Y}.png,-10.1482,123.6245,0.0052,0.0036
71,2012-09-19 18:47:27,http://tile.openstreetmap.org/{Z}/{X}/{Y}.png,-10.1516,123.5987,0.0052,0.0036
71,2012-09-19 18:47:27,http://tile.openstreetmap.org/{Z}/{X}/{Y}.png,-10.1516,123.6038,0.0051,0.0036
71,2012-09-19 18:47:27,http://tile.openstreetmap.org/{Z}/{X}/{Y}.png,-10.1516,123.609,0.0052,0.0036
71,2012-09-19 18:47:27,http://tile.openstreetmap.org/{Z}/{X}/{Y}.png,-10.1516,123.6141,0.0051,0.0036
71,2012-09-19 18:47:27,http://tile.openstreetmap.org/{Z}/{X}/{Y}.png,-10.1516,123.6193,0.0051,0.0036
71,2012-09-19 18:47:27,http://tile.openstreetmap.org/{Z}/{X}/{Y}.png,-10.1516,123.6245,0.0052,0.0036
71,2012-09-19 18:47:27,http://tile.openstreetmap.org/{Z}/{X}/{Y}.png,-10.1549,123.5987,0.0052,0.0035
71,2012-09-19 18:47:27,http://tile.openstreetmap.org/{Z}/{X}/{Y}.png,-10.1549,123.6038,0.0051,0.0035
71,2012-09-19 18:47:27,http://tile.openstreetmap.org/{Z}/{X}/{Y}.png,-10.1549,123.609,0.0052,0.0035
71,2012-09-19 18:47:27,http://tile.openstreetmap.org/{Z}/{X}/{Y}.png,-10.1549,123.6141,0.0051,0.0035
71,2012-09-19 18:47:27,http://tile.openstreetmap.org/{Z}/{X}/{Y}.png,-10.1549,123.6193,0.0051,0.0035
71,2012-09-19 18:47:27,http://tile.openstreetmap.org/{Z}/{X}/{Y}.png,-10.1549,123.6245,0.0052,0.0035
71,2012-09-19 18:47:27,http://tile.openstreetmap.org/{Z}/{X}/{Y}.png,-10.1583,123.5987,0.0052,0.0035
71,2012-09-19 18:47:27,http://tile.openstreetmap.org/{Z}/{X}/{Y}.png,-10.1583,123.6038,0.0051,0.0035
71,2012-09-19 18:47:27,http://tile.openstreetmap.org/{Z}/{X}/{Y}.png,-10.1583,123.609,0.0052,0.0035
71,2012-09-19 18:47:27,http://tile.openstreetmap.org/{Z}/{X}/{Y}.png,-10.1583,123.6141,0.0051,0.0035
71,2012-09-19 18:47:27,http://tile.openstreetmap.org/{Z}/{X}/{Y}.png,-10.1583,123.6193,0.0051,0.0035
71,2012-09-19 18:47:27,http://tile.openstreetmap.org/{Z}/{X}/{Y}.png,-10.1583,123.6245,0.0052,0.0035
71,2012-09-19 18:47:27,http://tile.openstreetmap.org/{Z}/{X}/{Y}.png,-10.1618,123.5987,0.0052,0.0035
71,2012-09-19 18:47:27,http://tile.openstreetmap.org/{Z}/{X}/{Y}.png,-10.1618,123.6038,0.0051,0.0035
71,2012-09-19 18:47:27,http://tile.openstreetmap.org/{Z}/{X}/{Y}.png,-10.1618,123.609,0.0052,0.0035
71,2012-09-19 18:47:27,http://tile.openstreetmap.org/{Z}/{X}/{Y}.png,-10.1618,123.6141,0.0051,0.0035
71,2012-09-19 18:47:27,http://tile.openstreetmap.org/{Z}/{X}/{Y}.png,-10.1618,123.6193,0.0051,0.0035
71,2012-09-19 18:47:27,http://tile.openstreetmap.org/{Z}/{X}/{Y}.png,-10.1618,123.6245,0.0052,0.0035
71,2012-09-19 18:47:27,http://tile.openstreetmap.org/{Z}/{X}/{Y}.png,-10.1652,123.5987,0.0052,0.0035
71,2012-09-19 18:47:27,http://tile.openstreetmap.org/{Z}/{X}/{Y}.png,-10.1652,123.6038,0.0051,0.0035
71,2012-09-19 18:47:27,http://tile.openstreetmap.org/{Z}/{X}/{Y}.png,-10.1652,123.609,0.0052,0.0035
71,2012-09-19 18:47:27,http://tile.openstreetmap.org/{Z}/{X}/{Y}.png,-10.1652,123.6141,0.0051,0.0035
71,2012-09-19 18:47:27,http://tile.openstreetmap.org/{Z}/{X}/{Y}.png,-10.1652,123.6193,0.0051,0.0035
71,2012-09-19 18:47:27,http://tile.openstreetmap.org/{Z}/{X}/{Y}.png,-10.1652,123.6245,0.0052,0.0035
72,2015-01-12 09:03:02,http://tile.openstreetmap.org/{Z}/{X}/{Y}.png,44.1929,5.0053,0.0015,0.0007
72,2015-01-12 09:03:02,http://tile.openstreetmap.org/{Z}/{X}/{Y}.png,44.1929,5.0068,0.0015,0.0007
72,2015-01-12 09:03:02,http://tile.openstreetmap.org/{Z}/{X}/{Y}.png,44.1923,5.0053,0.0015,0.0007
72,2015-01-12 09:03:02,http://tile.openstreetmap.org/{Z}/{X}/{Y}.png,44.1923,5.0068,0.0015,0.0007
72,2015-01-12 09:03:02,http://tile.openstreetmap.org/{Z}/{X}/{Y}.png,44.1915,5.0053,0.0015,0.0008
72,2015-01-12 09:03:02,http://tile.openstreetmap.org/{Z}/{X}/{Y}.png,44.1915,5.0068,0.0015,0.0008
73,2013-07-22 02:54:48,http://tile.openstreetmap.org/{Z}/{X}/{Y}.png,47.4661,8.5627,0.1519,0.0719
73,2013-07-22 02:54:48,http://tile.openstreetmap.org/{Z}/{X}/{Y}.png,47.4661,8.7145,0.1519,0.0719
74,2014-06-20 13:15:15,http://tile.openstreetmap.org/{Z}/{X}/{Y}.png,45.5118,-122.7142,0.0773,0.0379
74,2014-06-20 13:15:15,http://tile.openstreetmap.org/{Z}/{X}/{Y}.png,45.5118,-122.637,0.0772,0.0379
75,2012-10-11 00:15:13,http://tile.openstreetmap.org/{Z}/{X}/{Y}.png,-8.5911,118.3762,0.061,0.0764
76,2014-11-03 10:06:22,http://tile.openstreetmap.org/{Z}/{X}/{Y}.png,42.4111,-83.0463,0.0023,0.0021
76,2014-11-03 10:06:22,http://tile.openstreetmap.org/{Z}/{X}/{Y}.png,42.4111,-83.0443,0.0023,0.0021
76,2014-11-03 10:06:22,http://tile.openstreetmap.org/{Z}/{X}/{Y}.png,42.4091,-83.0463,0.0023,0.0021
76,2014-11-03 10:06:22,http://tile.openstreetmap.org/{Z}/{X}/{Y}.png,42.4091,-83.0443,0.0023,0.0021
77,2014-09-21 20:09:30,http://tile.openstreetmap.org/{Z}/{X}/{Y}.png,-6.1349,106.7233,0.0137,0.0095
78,2014-02-06 05:34:02,http://tile.stamen.com/toner-lite/{Z}/{X}/{Y}.png,-16.499,-68.185,0.0813,0.0494
78,2014-02-06 05:34:02,http://tile.stamen.com/toner-lite/{Z}/{X}/{Y}.png,-16.499,-68.1077,0.0813,0.0494
79,2014-05-08 08:02:56,http://tile.stamen.com/toner-lite/{Z}/{X}/{Y}.png,43.5481,10.373,0.0374,0.0189
79,2014-05-08 08:02:56,http://tile.stamen.com/toner-lite/{Z}/{X}/{Y}.png,43.5481,10.4104,0.0373,0.0189
79,2014-05-08 08:02:56,http://tile.stamen.com/toner-lite/{Z}/{X}/{Y}.png,43.5301,10.373,0.0374,0.0189
79,2014-05-08 08:02:56,http://tile.stamen.com/toner-lite/{Z}/{X}/{Y}.png,43.5301,10.4104,0.0373,0.0189
80,2013-07-06 01:18:24,http://tile.openstreetmap.org/{Z}/{X}/{Y}.png,23.7267,90.3932,0.0051,0.003
80,2013-07-06 01:18:24,http://tile.openstreetmap.org/{Z}/{X}/{Y}.png,23.7267,90.398,0.0051,0.003
80,2013-07-06 01:18:24,http://tile.openstreetmap.org/{Z}/{X}/{Y}.png,23.7267,90.4029,0.0051,0.003
80,2013-07-06 01:18:24,http://tile.openstreetmap.org/{Z}/{X}/{Y}.png,23.7238,90.3932,0.0051,0.0029
80,2013-07-06 01:18:24,http://tile.openstreetmap.org/{Z}/{X}/{Y}.png,23.7238,90.398,0.0051,0.0029
80,2013-07-06 01:18:24,http://tile.openstreetmap.org/{Z}/{X}/{Y}.png,23.7238,90.4029,0.0051,0.0029
80,2013-07-06 01:18:24,http://tile.openstreetmap.org/{Z}/{X}/{Y}.png,23.7208,90.3932,0.0051,0.003
80,2013-07-06 01:18:24,http://tile.openstreetmap.org/{Z}/{X}/{Y}.png,23.7208,90.398,0.0051,0.003
80,2013-07-06 01:18:24,http://tile.openstreetmap.org/{Z}/{X}/{Y}.png,23.7208,90.4029,0.0051,0.003
80,2013-07-06 01:18:24,http://tile.openstreetmap.org/{Z}/{X}/{Y}.png,23.7178,90.3932,0.0051,0.0029
80,2013-07-06 01:18:24,http://tile.openstreetmap.org/{Z}/{X}/{Y}.png,23.7178,90.398,0.0051,0.0029
80,2013-07-06 01:18:24,http://tile.openstreetmap.org/{Z}/{X}/{Y}.png,23.7178,90.4029,0.0051,0.0029
81,2013-09-24 15:57:18,http://tile.stamen.com/toner-lite/{Z}/{X}/{Y}.png,48.2105,16.3723,0.0557,0.0259
82,2013-12-25 11:33:41,http://tile.stamen.com/toner-lite/{Z}/{X}/{Y}.png,39.262,-120.1553,0.0772,0.0418
82,2013-12-25 11:33:41,http://tile.stamen.com/toner-lite/{Z}/{X}/{Y}.png,39.262,-120.078,0.0773,0.0418
82,2013-12-25 11:33:41,http://tile.stamen.com/toner-lite/{Z}/{X}/{Y}.png,39.262,-120.0008,0.0772,0.0418
82,2013-12-25 11:33:41,http://tile.stamen.com/toner-lite/{Z}/{X}/{Y}.png,39.262,-119.9236,0.0773,0.0418
82,2013-12-25 11:33:41,http://tile.stamen.com/toner-lite/{Z}/{X}/{Y}.png,39.2221,-120.1553,0.0772,0.0418
82,2013-12-25 11:33:41,http://tile.stamen.com/toner-lite/{Z}/{X}/{Y}.png,39.2221,-120.078,0.0773,0.0418
82,2013-12-25 11:33:41,http://tile.stamen.com/toner-lite/{Z}/{X}/{Y}.png,39.2221,-120.0008,0.0772,0.0418
82,2013-12-25 11:33:41,http://tile.stamen.com/toner-lite/{Z}/{X}/{Y}.png,39.2221,-119.9236,0.0773,0.0418
82,2013-12-25 11:33:41,http://tile.stamen.com/toner-lite/{Z}/{X}/{Y}.png,39.1822,-120.1553,0.0772,0.042
82,2013-12-25 11:33:41,http://tile.stamen.com/toner-lite/{Z}/{X}/{Y}.png,39.1822,-120.078,0.0773,0.042
82,2013-12-25 11:33:41,http://tile.stamen.com/toner-lite/{Z}/{X}/{Y}.png,39.1822,-120.0008,0.0772,0.042
82,2013-12-25 11:33:41,http://tile.stamen.com/toner-lite/{Z}/{X}/{Y}.png,39.1822,-119.9236,0.0773,0.042
82,2013-12-25 11:33:41,http://tile.stamen.com/toner-lite/{Z}/{X}/{Y}.png,39.1423,-120.1553,0.0772,0.0419
82,2013-12-25 11:33:41,http://tile.stamen.com/toner-lite/{Z}/{X}/{Y}.png,39.1423,-120.078,0.0773,0.0419
82,2013-12-25 11:33:41,http://tile.stamen.com/toner-lite/{Z}/{X}/{Y}.png,39.1423,-120.0008,0.0772,0.0419
82,2013-12-25 11:33:41,http://tile.stamen.com/toner-lite/{Z}/{X}/{Y}.png,39.1423,-119.9236,0.0773,0.0419
82,2013-12-25 11:33:41,http://tile.stamen.com/toner-lite/{Z}/{X}/{Y}.png,39.1023,-120.1553,0.0772,0.042
82,2013-12-25 11:33:41,http://tile.stamen.com/toner-lite/{Z}/{X}/{Y}.png,39.1023,-120.078,0.0773,0.042
82,2013-12-25 11:33:41,http://tile.stamen.com/toner-lite/{Z}/{X}/{Y}.png,39.1023,-120.0008,0.0772,0.042
82,2013-12-25 11:33:41,http://tile.stamen.com/toner-lite/{Z}/{X}/{Y}.png,39.1023,-119.9236,0.0773,0.042
82,2013-12-25 11:33:41,http://tile.stamen.com/toner-lite/{Z}/{X}/{Y}.png,39.0623,-120.1553,0.0772,0.042
82,2013-12-25 11:33:41,http://tile.stamen.com/toner-lite/{Z}/{X}/{Y}.png,39.0623,-120.078,0.0773,0.042
82,2013-12-25 11:33:41,http://tile.stamen.com/toner-lite/{Z}/{X}/{Y}.png,39.0623,-120.0008,0.0772,0.042
82,2013-12-25 11:33:41,http://tile.stamen.com/toner-lite/{Z}/{X}/{Y}.png,39.0623,-119.9236,0.0773,0.042
82,2013-12-25 11:33:41,http://tile.stamen.com/toner-lite/{Z}/{X}/{Y}.png,39.0223,-120.1553,0.0772,0.042
82,2013-12-25 11:33:41,http://tile.stamen.com/toner-lite/{Z}/{X}/{Y}.png,39.0223,-120.078,0.0773,0.042
82,2013-12-25 11:33:41,http://tile.stamen.com/toner-lite/{Z}/{X}/{Y}.png,39.0223,-120.0008,0.0772,0.042
82,2013-12-25 11:33:41,http://tile.stamen.com/toner-lite/{Z}/{X}/{Y}.png,39.0223,-119.9236,0.0773,0.042
82,2013-12-25 11:33:41,http://tile.stamen.com/toner-lite/{Z}/{X}/{Y}.png,38.9823,-120.1553,0.0772,0.042
82,2013-12-25 11:33:41,http://tile.stamen.com/toner-lite/{Z}/{X}/{Y}.png,38.9823,-120.078,0.0773,0.042
82,2013-12-25 11:33:41,http://tile.stamen.com/toner-lite/{Z}/{X}/{Y}.png,38.9823,-120.0008,0.0772,0.042
82,2013-12-25 11:33:41,http://tile.stamen.com/toner-lite/{Z}/{X}/{Y}.png,38.9823,-119.9236,0.0773,0.042
83,2012-05-30 08:03:37,http://tile.stamen.com/toner-lite/{Z}/{X}/{Y}.png,13.0762,-60.3589,1.5161,1.0337
83,2012-05-30 08:03:37,http://tile.stamen.com/toner-lite/{Z}/{X}/{Y}.png,13.0762,-58.8427,1.5161,1.0337
84,2014-10-27 11:18:03,http://a.tile.openstreetmap.fr/hot/{Z}/{X}/{Y}.png,14.0306,-83.3833,0.0189,0.0231
85,2014-05-26 02:50:37,http://tile.openstreetmap.org/{Z}/{X}/{Y}.png,40.6187,-8.6257,0.0036,0.002
86,2013-10-02 19:44:59,http://tile.stamen.com/boner/{Z}/{X}/{Y}.jpg,-6.1097,106.796,0.0052,0.0036
86,2013-10-02 19:44:59,http://tile.stamen.com/boner/{Z}/{X}/{Y}.jpg,-6.1097,106.8012,0.0053,0.0036
86,2013-10-02 19:44:59,http://tile.stamen.com/boner/{Z}/{X}/{Y}.jpg,-6.1097,106.8065,0.0052,0.0036
86,2013-10-02 19:44:59,http://tile.stamen.com/boner/{Z}/{X}/{Y}.jpg,-6.1132,106.796,0.0052,0.0036
86,2013-10-02 19:44:59,http://tile.stamen.com/boner/{Z}/{X}/{Y}.jpg,-6.1132,106.8012,0.0053,0.0036
86,2013-10-02 19:44:59,http://tile.stamen.com/boner/{Z}/{X}/{Y}.jpg,-6.1132,106.8065,0.0052,0.0036
86,2013-10-02 19:44:59,http://tile.stamen.com/boner/{Z}/{X}/{Y}.jpg,-6.1166,106.796,0.0052,0.0036
86,2013-10-02 19:44:59,http://tile.stamen.com/boner/{Z}/{X}/{Y}.jpg,-6.1166,106.8012,0.0053,0.0036
86,2013-10-02 19:44:59,http://tile.stamen.com/boner/{Z}/{X}/{Y}.jpg,-6.1166,106.8065,0.0052,0.0036
86,2013-10-02 19:44:59,http://tile.stamen.com/boner/{Z}/{X}/{Y}.jpg,-6.1201,106.796,0.0052,0.0036
86,2013-10-02 19:44:59,http://tile.stamen.com/boner/{Z}/{X}/{Y}.jpg,-6.1201,106.8012,0.0053,0.0036
86,2013-10-02 19:44:59,http://tile.stamen.com/boner/{Z}/{X}/{Y}.jpg,-6.1201,106.8065,0.0052,0.0036
86,2013-10-02 19:44:59,http://tile.stamen.com/boner/{Z}/{X}/{Y}.jpg,-6.1235,106.796,0.0052,0.0037
86,2013-10-02 19:44:59,http://tile.stamen.com/boner/{Z}/{X}/{Y}.jpg,-6.1235,106.8012,0.0053,0.0037
86,2013-10-02 19:44:59,http://tile.stamen.com/boner/{Z}/{X}/{Y}.jpg,-6.1235,106.8065,0.0052,0.0037
86,2013-10-02 19:44:59,http://tile.stamen.com/boner/{Z}/{X}/{Y}.jpg,-6.127,106.796,0.0052,0.0036
86,2013-10-02 19:44:59,http://tile.stamen.com/boner/{Z}/{X}/{Y}.jpg,-6.127,106.8012,0.0053,0.0036
86,2013-10-02 19:44:59,http://tile.stamen.com/boner/{Z}/{X}/{Y}.jpg,-6.127,106.8065,0.0052,0.0036
86,2013-10-02 19:44:59,http://tile.stamen.com/boner/{Z}/{X}/{Y}.jpg,-6.1305,106.796,0.0052,0.0036
86,2013-10-02 19:44:59,http://tile.stamen.com/boner/{Z}/{X}/{Y}.jpg,-6.1305,106.8012,0.0053,0.0036
86,2013-10-02 19:44:59,http://tile.stamen.com/boner/{Z}/{X}/{Y}.jpg,-6.1305,106.8065,0.0052,0.0036
87,2012-10-19 21:07:07,http://tile.openstreetmap.org/{Z}/{X}/{Y}.png,-5.168,119.4125,0.0611,0.0426
88,2012-05-30 06:19:18,http://tile.stamen.com/toner-lite/{Z}/{X}/{Y}.png,42.2811,-71.2748,0.0809,0.0379
88,2012-05-30 06:19:18,http://tile.stamen.com/toner-lite/{Z}/{X}/{Y}.png,42.2811,-71.1979,0.0809,0.0379
88,2012-05-30 06:19:18,http://tile.stamen.com/toner-lite/{Z}/{X}/{Y}.png,42.2811,-71.121,0.0809,0.0379
88,2012-05-30 06:19:18,http://tile.stamen.com/toner-lite/{Z}/{X}/{Y}.png,42.2432,-71.2748,0.0809,0.038
88,2012-05-30 06:19:18,http://tile.stamen.com/toner-lite/{Z}/{X}/{Y}.png,42.2432,-71.1979,0.0809,0.038
88,2012-05-30 06:19:18,http://tile.stamen.com/toner-lite/{Z}/{X}/{Y}.png,42.2432,-71.121,0.0809,0.038
88,2012-05-30 06:19:18,http://tile.stamen.com/toner-lite/{Z}/{X}/{Y}.png,42.2053,-71.2748,0.0809,0.0379
88,2012-05-30 06:19:18,http://tile.stamen.com/toner-lite/{Z}/{X}/{Y}.png,42.2053,-71.1979,0.0809,0.0379
88,2012-05-30 06:19:18,http://tile.stamen.com/toner-lite/{Z}/{X}/{Y}.png,42.2053,-71.121,0.0809,0.0379
89,2013-08-04 11:21:40,http://tile.openstreetmap.org/{Z}/{X}/{Y}.png,25.0383,121.5222,0.0025,0.0016
89,2013-08-04 11:21:40,http://tile.openstreetmap.org/{Z}/{X}/{Y}.png,25.0368,121.5222,0.0025,0.0016
90,2014-03-26 06:03:53,http://tile.openstreetmap.org/{Z}/{X}/{Y}.png,48.3176,14.2714,0.0609,0.0514
90,2014-03-26 06:03:53,http://tile.openstreetmap.org/{Z}/{X}/{Y}.png,48.3176,14.3294,0.061,0.0514
90,2014-03-26 06:03:53,http://tile.openstreetmap.org/{Z}/{X}/{Y}.png,48.2662,14.2714,0.0609,0.0514
90,2014-03-26 06:03:53,http://tile.openstreetmap.org/{Z}/{X}/{Y}.png,48.2662,14.3294,0.061,0.0514
91,2012-09-20 06:36:43,http://tile.openstreetmap.org/{Z}/{X}/{Y}.png,45.8991,6.1278,0.0108,0.0047
92,2012-10-23 08:41:03,http://tile.openstreetmap.org/{Z}/{X}/{Y}.png,52.2268,0.125,0.1078,0.0462
92,2012-10-23 08:41:03,http://tile.openstreetmap.org/{Z}/{X}/{Y}.png,52.1827,0.125,0.1078,0.0462
93,2012-09-26 19:55:13,http://tile.openstreetmap.org/{Z}/{X}/{Y}.png,42.6419,-73.8036,0.0579,0.0597
93,2012-09-26 19:55:13,http://tile.openstreetmap.org/{Z}/{X}/{Y}.png,42.6419,-73.7457,0.0579,0.0597
94,2013-05-02 07:58:25,http://tile.stamen.com/toner-lite/{Z}/{X}/{Y}.png,59.385,17.8187,0.0944,0.0304
94,2013-05-02 07:58:25,http://tile.stamen.com/toner-lite/{Z}/{X}/{Y}.png,59.385,17.9083,0.0943,0.0304
94,2013-05-02 07:58:25,http://tile.stamen.com/toner-lite/{Z}/{X}/{Y}.png,59.3546,17.8187,0.0944,0.0305
94,2013-05-02 07:58:25,http://tile.stamen.com/toner-lite/{Z}/{X}/{Y}.png,59.3546,17.9083,0.0943,0.0305
95,2012-10-19 06:39:51,http://tile.stamen.com/toner-lite/{Z}/{X}/{Y}.png,51.5336,9.935,0.0269,0.0117
96,2014-05-16 12:40:22,http://tile.openstreetmap.org/{Z}/{X}/{Y}.png,50.9031,4.2807,0.0797,0.0352
96,2014-05-16 12:40:22,http://tile.openstreetmap.org/{Z}/{X}/{Y}.png,50.9031,4.3605,0.0797,0.0352
96,2014-05-16 12:40:22,http://tile.openstreetmap.org/{Z}/{X}/{Y}.png,50.9031,4.4402,0.0797,0.0352
96,2014-05-16 12:40:22,http://tile.openstreetmap.org/{Z}/{X}/{Y}.png,50.8696,4.2807,0.0797,0.0352
96,2014-05-16 12:40:22,http://tile.openstreetmap.org/{Z}/{X}/{Y}.png,50.8696,4.3605,0.0797,0.0352
96,2014-05-16 12:40:22,http://tile.openstreetmap.org/{Z}/{X}/{Y}.png,50.8696,4.4402,0.0797,0.0352
96,2014-05-16 12:40:22,http://tile.openstreetmap.org/{Z}/{X}/{Y}.png,50.8361,4.2807,0.0797,0.0353
96,2014-05-16 12:40:22,http://tile.openstreetmap.org/{Z}/{X}/{Y}.png,50.8361,4.3605,0.0797,0.0353
96,2014-05-16 12:40:22,http://tile.openstreetmap.org/{Z}/{X}/{Y}.png,50.8361,4.4402,0.0797,0.0353
96,2014-05-16 12:40:22,http://tile.openstreetmap.org/{Z}/{X}/{Y}.png,50.8024,4.2807,0.0797,0.0353
96,2014-05-16 12:40:22,http://tile.openstreetmap.org/{Z}/{X}/{Y}.png,50.8024,4.3605,0.0797,0.0353
96,2014-05-16 12:40:22,http://tile.openstreetmap.org/{Z}/{X}/{Y}.png,50.8024,4.4402,0.0797,0.0353
96,2014-05-16 12:40:22,http://tile.openstreetmap.org/{Z}/{X}/{Y}.png,50.7689,4.2807,0.0797,0.0353
96,2014-05-16 12:40:22,http://tile.openstreetmap.org/{Z}/{X}/{Y}.png,50.7689,4.3605,0.0797,0.0353
96,2014-05-16 12:40:22,http://tile.openstreetmap.org/{Z}/{X}/{Y}.png,50.7689,4.4402,0.0797,0.0353
97,2014-08-13 07:53:33,http://tile.openstreetmap.org/{Z}/{X}/{Y}.png,36.2223,27.6117,0.061,0.0623
98,2013-01-06 04:39:03,http://tile.stamen.com/toner-lite/{Z}/{X}/{Y}.png,53.5231,18.7858,0.0298,0.0124
98,2013-01-06 04:39:03,http://tile.stamen.com/toner-lite/{Z}/{X}/{Y}.png,53.5112,18.7858,0.0298,0.0124
99,2014-09-21 19:20:32,http://tile.openstreetmap.org/{Z}/{X}/{Y}.png,-6.2183,106.8604,0.0068,0.0048
100,2013-08-04 08:25:04,http://tile.openstreetmap.org/{Z}/{X}/{Y}.png,1.3029,103.7827,0.1174,0.0822
100,2013-08-04 08:25:04,http://tile.openstreetmap.org/{Z}/{X}/{Y}.png,1.3029,103.9001,0.1174,0.0822
101,2014-03-13 05:42:13,http://tile.openstreetmap.org/{Z}/{X}/{Y}.png,52.0532,4.3136,0.0107,0.0083
101,2014-03-13 05:42:13,http://tile.openstreetmap.org/{Z}/{X}/{Y}.png,52.0532,4.4055,0.0107,0.0083
101,2014-03-13 05:42:13,http://tile.openstreetmap.org/{Z}/{X}/{Y}.png,52.0532,4.4158,0.0108,0.0083
101,2014-03-13 05:42:13,http://tile.openstreetmap.org/{Z}/{X}/{Y}.png,52.0532,4.426,0.0108,0.0083
101,2014-03-13 05:42:13,http://tile.openstreetmap.org/{Z}/{X}/{Y}.png,52.0532,4.4362,0.0108,0.0083
101,2014-03-13 05:42:13,http://tile.openstreetmap.org/{Z}/{X}/{Y}.png,52.0532,4.4464,0.0108,0.0083
101,2014-03-13 05:42:14,http://tile.openstreetmap.org/{Z}/{X}/{Y}.png,52.0532,4.4566,0.0108,0.0083
101,2014-03-13 05:42:13,http://tile.openstreetmap.org/{Z}/{X}/{Y}.png,52.0532,4.3239,0.0108,0.0083
101,2014-03-13 05:42:13,http://tile.openstreetmap.org/{Z}/{X}/{Y}.png,52.0532,4.3341,0.0108,0.0083
101,2014-03-13 05:42:13,http://tile.openstreetmap.org/{Z}/{X}/{Y}.png,52.0532,4.3443,0.0108,0.0083
101,2014-03-13 05:42:13,http://tile.openstreetmap.org/{Z}/{X}/{Y}.png,52.0532,4.3545,0.0108,0.0083
101,2014-03-13 05:42:13,http://tile.openstreetmap.org/{Z}/{X}/{Y}.png,52.0532,4.3647,0.0107,0.0083
101,2014-03-13 05:42:13,http://tile.openstreetmap.org/{Z}/{X}/{Y}.png,52.0532,4.375,0.0107,0.0083
101,2014-03-13 05:42:13,http://tile.openstreetmap.org/{Z}/{X}/{Y}.png,52.0532,4.3852,0.0107,0.0083
101,2014-03-13 05:42:13,http://tile.openstreetmap.org/{Z}/{X}/{Y}.png,52.0532,4.3953,0.0107,0.0083
101,2014-03-13 05:42:14,http://tile.openstreetmap.org/{Z}/{X}/{Y}.png,52.0448,4.3136,0.0107,0.0084
101,2014-03-13 05:42:14,http://tile.openstreetmap.org/{Z}/{X}/{Y}.png,52.0448,4.4055,0.0107,0.0084
101,2014-03-13 05:42:14,http://tile.openstreetmap.org/{Z}/{X}/{Y}.png,52.0448,4.4158,0.0108,0.0084
101,2014-03-13 05:42:14,http://tile.openstreetmap.org/{Z}/{X}/{Y}.png,52.0448,4.426,0.0108,0.0084
101,2014-03-13 05:42:14,http://tile.openstreetmap.org/{Z}/{X}/{Y}.png,52.0448,4.4362,0.0108,0.0084
101,2014-03-13 05:42:14,http://tile.openstreetmap.org/{Z}/{X}/{Y}.png,52.0448,4.4464,0.0108,0.0084
101,2014-03-13 05:42:14,http://tile.openstreetmap.org/{Z}/{X}/{Y}.png,52.0448,4.4566,0.0108,0.0084
101,2014-03-13 05:42:14,http://tile.openstreetmap.org/{Z}/{X}/{Y}.png,52.0448,4.3239,0.0108,0.0084
101,2014-03-13 05:42:14,http://tile.openstreetmap.org/{Z}/{X}/{Y}.png,52.0448,4.3341,0.0108,0.0084
101,2014-03-13 05:42:14,http://tile.openstreetmap.org/{Z}/{X}/{Y}.png,52.0448,4.3443,0.0108,0.0084
101,2014-03-13 05:42:14,http://tile.openstreetmap.org/{Z}/{X}/{Y}.png,52.0448,4.3545,0.0108,0.0084
101,2014-03-13 05:42:14,http://tile.openstreetmap.org/{Z}/{X}/{Y}.png,52.0448,4.3647,0.0107,0.0084
101,2014-03-13 05:42:14,http://tile.openstreetmap.org/{Z}/{X}/{Y}.png,52.0448,4.375,0.0107,0.0084
101,2014-03-13 05:42:14,http://tile.openstreetmap.org/{Z}/{X}/{Y}.png,52.0448,4.3852,0.0107,0.0084
101,2014-03-13 05:42:14,http://tile.openstreetmap.org/{Z}/{X}/{Y}.png,52.0448,4.3953,0.0107,0.0084
101,2014-03-13 05:42:14,http://tile.openstreetmap.org/{Z}/{X}/{Y}.png,52.0364,4.3136,0.0107,0.0084
101,2014-03-13 05:42:14,http://tile.openstreetmap.org/{Z}/{X}/{Y}.png,52.0364,4.4055,0.0107,0.0084
101,2014-03-13 05:42:14,http://tile.openstreetmap.org/{Z}/{X}/{Y}.png,52.0364,4.4158,0.0108,0.0084
101,2014-03-13 05:42:14,http://tile.openstreetmap.org/{Z}/{X}/{Y}.png,52.0364,4.426,0.0108,0.0084
101,2014-03-13 05:42:14,http://tile.openstreetmap.org/{Z}/{X}/{Y}.png,52.0364,4.4362,0.0108,0.0084
101,2014-03-13 05:42:14,http://tile.openstreetmap.org/{Z}/{X}/{Y}.png,52.0364,4.4464,0.0108,0.0084
101,2014-03-13 05:42:14,http://tile.openstreetmap.org/{Z}/{X}/{Y}.png,52.0364,4.4566,0.0108,0.0084
101,2014-03-13 05:42:14,http://tile.openstreetmap.org/{Z}/{X}/{Y}.png,52.0364,4.3239,0.0108,0.0084
101,2014-03-13 05:42:14,http://tile.openstreetmap.org/{Z}/{X}/{Y}.png,52.0364,4.3341,0.0108,0.0084
101,2014-03-13 05:42:14,http://tile.openstreetmap.org/{Z}/{X}/{Y}.png,52.0364,4.3443,0.0108,0.0084
101,2014-03-13 05:42:14,http://tile.openstreetmap.org/{Z}/{X}/{Y}.png,52.0364,4.3545,0.0108,0.0084
101,2014-03-13 05:42:14,http://tile.openstreetmap.org/{Z}/{X}/{Y}.png,52.0364,4.3647,0.0107,0.0084
101,2014-03-13 05:42:14,http://tile.openstreetmap.org/{Z}/{X}/{Y}.png,52.0364,4.375,0.0107,0.0084
101,2014-03-13 05:42:14,http://tile.openstreetmap.org/{Z}/{X}/{Y}.png,52.0364,4.3852,0.0107,0.0084
101,2014-03-13 05:42:14,http://tile.openstreetmap.org/{Z}/{X}/{Y}.png,52.0364,4.3953,0.0107,0.0084
101,2014-03-13 05:42:14,http://tile.openstreetmap.org/{Z}/{X}/{Y}.png,52.028,4.3136,0.0107,0.0084
101,2014-03-13 05:42:14,http://tile.openstreetmap.org/{Z}/{X}/{Y}.png,52.028,4.4055,0.0107,0.0084
101,2014-03-13 05:42:14,http://tile.openstreetmap.org/{Z}/{X}/{Y}.png,52.028,4.4158,0.0108,0.0084
101,2014-03-13 05:42:14,http://tile.openstreetmap.org/{Z}/{X}/{Y}.png,52.028,4.426,0.0108,0.0084
101,2014-03-13 05:42:14,http://tile.openstreetmap.org/{Z}/{X}/{Y}.png,52.028,4.4362,0.0108,0.0084
101,2014-03-13 05:42:14,http://tile.openstreetmap.org/{Z}/{X}/{Y}.png,52.028,4.4464,0.0108,0.0084
101,2014-03-13 05:42:14,http://tile.openstreetmap.org/{Z}/{X}/{Y}.png,52.028,4.4566,0.0108,0.0084
101,2014-03-13 05:42:14,http://tile.openstreetmap.org/{Z}/{X}/{Y}.png,52.028,4.3239,0.0108,0.0084
101,2014-03-13 05:42:14,http://tile.openstreetmap.org/{Z}/{X}/{Y}.png,52.028,4.3341,0.0108,0.0084
101,2014-03-13 05:42:14,http://tile.openstreetmap.org/{Z}/{X}/{Y}.png,52.028,4.3443,0.0108,0.0084
101,2014-03-13 05:42:14,http://tile.openstreetmap.org/{Z}/{X}/{Y}.png,52.028,4.3545,0.0108,0.0084
101,2014-03-13 05:42:14,http://tile.openstreetmap.org/{Z}/{X}/{Y}.png,52.028,4.3647,0.0107,0.0084
101,2014-03-13 05:42:14,http://tile.openstreetmap.org/{Z}/{X}/{Y}.png,52.028,4.375,0.0107,0.0084
101,2014-03-13 05:42:14,http://tile.openstreetmap.org/{Z}/{X}/{Y}.png,52.028,4.3852,0.0107,0.0084
101,2014-03-13 05:42:14,http://tile.openstreetmap.org/{Z}/{X}/{Y}.png,52.028,4.3953,0.0107,0.0084
101,2014-03-13 05:42:14,http://tile.openstreetmap.org/{Z}/{X}/{Y}.png,52.0196,4.3136,0.0107,0.0083
101,2014-03-13 05:42:14,http://tile.openstreetmap.org/{Z}/{X}/{Y}.png,52.0196,4.4055,0.0107,0.0083
101,2014-03-13 05:42:14,http://tile.openstreetmap.org/{Z}/{X}/{Y}.png,52.0196,4.4158,0.0108,0.0083
101,2014-03-13 05:42:14,http://tile.openstreetmap.org/{Z}/{X}/{Y}.png,52.0196,4.426,0.0108,0.0083
101,2014-03-13 05:42:14,http://tile.openstreetmap.org/{Z}/{X}/{Y}.png,52.0196,4.4362,0.0108,0.0083
101,2014-03-13 05:42:14,http://tile.openstreetmap.org/{Z}/{X}/{Y}.png,52.0196,4.4464,0.0108,0.0083
101,2014-03-13 05:42:14,http://tile.openstreetmap.org/{Z}/{X}/{Y}.png,52.0196,4.4566,0.0108,0.0083
101,2014-03-13 05:42:14,http://tile.openstreetmap.org/{Z}/{X}/{Y}.png,52.0196,4.3239,0.0108,0.0083
101,2014-03-13 05:42:14,http://tile.openstreetmap.org/{Z}/{X}/{Y}.png,52.0196,4.3341,0.0108,0.0083
101,2014-03-13 05:42:14,http://tile.openstreetmap.org/{Z}/{X}/{Y}.png,52.0196,4.3443,0.0108,0.0083
101,2014-03-13 05:42:14,http://tile.openstreetmap.org/{Z}/{X}/{Y}.png,52.0196,4.3545,0.0108,0.0083
101,2014-03-13 05:42:14,http://tile.openstreetmap.org/{Z}/{X}/{Y}.png,52.0196,4.3647,0.0107,0.0083
101,2014-03-13 05:42:14,http://tile.openstreetmap.org/{Z}/{X}/{Y}.png,52.0196,4.375,0.0107,0.0083
101,2014-03-13 05:42:14,http://tile.openstreetmap.org/{Z}/{X}/{Y}.png,52.0196,4.3852,0.0107,0.0083
101,2014-03-13 05:42:14,http://tile.openstreetmap.org/{Z}/{X}/{Y}.png,52.0196,4.3953,0.0107,0.0083
101,2014-03-13 05:42:14,http://tile.openstreetmap.org/{Z}/{X}/{Y}.png,52.0113,4.3136,0.0107,0.0084
101,2014-03-13 05:42:14,http://tile.openstreetmap.org/{Z}/{X}/{Y}.png,52.0113,4.4055,0.0107,0.0084
101,2014-03-13 05:42:14,http://tile.openstreetmap.org/{Z}/{X}/{Y}.png,52.0113,4.4158,0.0108,0.0084
101,2014-03-13 05:42:14,http://tile.openstreetmap.org/{Z}/{X}/{Y}.png,52.0113,4.426,0.0108,0.0084
101,2014-03-13 05:42:14,http://tile.openstreetmap.org/{Z}/{X}/{Y}.png,52.0113,4.4362,0.0108,0.0084
101,2014-03-13 05:42:14,http://tile.openstreetmap.org/{Z}/{X}/{Y}.png,52.0113,4.4464,0.0108,0.0084
101,2014-03-13 05:42:14,http://tile.openstreetmap.org/{Z}/{X}/{Y}.png,52.0113,4.4566,0.0108,0.0084
101,2014-03-13 05:42:14,http://tile.openstreetmap.org/{Z}/{X}/{Y}.png,52.0113,4.3239,0.0108,0.0084
101,2014-03-13 05:42:14,http://tile.openstreetmap.org/{Z}/{X}/{Y}.png,52.0113,4.3341,0.0108,0.0084
101,2014-03-13 05:42:14,http://tile.openstreetmap.org/{Z}/{X}/{Y}.png,52.0113,4.3443,0.0108,0.0084
101,2014-03-13 05:42:14,http://tile.openstreetmap.org/{Z}/{X}/{Y}.png,52.0113,4.3545,0.0108,0.0084
101,2014-03-13 05:42:14,http://tile.openstreetmap.org/{Z}/{X}/{Y}.png,52.0113,4.3647,0.0107,0.0084
101,2014-03-13 05:42:14,http://tile.openstreetmap.org/{Z}/{X}/{Y}.png,52.0113,4.375,0.0107,0.0084
101,2014-03-13 05:42:14,http://tile.openstreetmap.org/{Z}/{X}/{Y}.png,52.0113,4.3852,0.0107,0.0084
101,2014-03-13 05:42:14,http://tile.openstreetmap.org/{Z}/{X}/{Y}.png,52.0113,4.3953,0.0107,0.0084
101,2014-03-13 05:42:14,http://tile.openstreetmap.org/{Z}/{X}/{Y}.png,52.0029,4.3136,0.0107,0.0084
101,2014-03-13 05:42:14,http://tile.openstreetmap.org/{Z}/{X}/{Y}.png,52.0029,4.4055,0.0107,0.0084
101,2014-03-13 05:42:14,http://tile.openstreetmap.org/{Z}/{X}/{Y}.png,52.0029,4.4158,0.0108,0.0084
101,2014-03-13 05:42:14,http://tile.openstreetmap.org/{Z}/{X}/{Y}.png,52.0029,4.426,0.0108,0.0084
101,2014-03-13 05:42:14,http://tile.openstreetmap.org/{Z}/{X}/{Y}.png,52.0029,4.4362,0.0108,0.0084
101,2014-03-13 05:42:14,http://tile.openstreetmap.org/{Z}/{X}/{Y}.png,52.0029,4.4464,0.0108,0.0084
101,2014-03-13 05:42:14,http://tile.openstreetmap.org/{Z}/{X}/{Y}.png,52.0029,4.4566,0.0108,0.0084
101,2014-03-13 05:42:14,http://tile.openstreetmap.org/{Z}/{X}/{Y}.png,52.0029,4.3239,0.0108,0.0084
101,2014-03-13 05:42:14,http://tile.openstreetmap.org/{Z}/{X}/{Y}.png,52.0029,4.3341,0.0108,0.0084
101,2014-03-13 05:42:14,http://tile.openstreetmap.org/{Z}/{X}/{Y}.png,52.0029,4.3443,0.0108,0.0084
101,2014-03-13 05:42:14,http://tile.openstreetmap.org/{Z}/{X}/{Y}.png,52.0029,4.3545,0.0108,0.0084
101,2014-03-13 05:42:14,http://tile.openstreetmap.org/{Z}/{X}/{Y}.png,52.0029,4.3647,0.0107,0.0084
101,2014-03-13 05:42:14,http://tile.openstreetmap.org/{Z}/{X}/{Y}.png,52.0029,4.375,0.0107,0.0084
101,2014-03-13 05:42:14,http://tile.openstreetmap.org/{Z}/{X}/{Y}.png,52.0029,4.3852,0.0107,0.0084
101,2014-03-13 05:42:14,http://tile.openstreetmap.org/{Z}/{X}/{Y}.png,52.0029,4.3953,0.0107,0.0084
101,2014-03-13 05:42:14,http://tile.openstreetmap.org/{Z}/{X}/{Y}.png,51.9945,4.3136,0.0107,0.0084
101,2014-03-13 05:42:14,http://tile.openstreetmap.org/{Z}/{X}/{Y}.png,51.9945,4.4055,0.0107,0.0084
101,2014-03-13 05:42:14,http://tile.openstreetmap.org/{Z}/{X}/{Y}.png,51.9945,4.4158,0.0108,0.0084
101,2014-03-13 05:42:14,http://tile.openstreetmap.org/{Z}/{X}/{Y}.png,51.9945,4.426,0.0108,0.0084
101,2014-03-13 05:42:14,http://tile.openstreetmap.org/{Z}/{X}/{Y}.png,51.9945,4.4362,0.0108,0.0084
101,2014-03-13 05:42:14,http://tile.openstreetmap.org/{Z}/{X}/{Y}.png,51.9945,4.4464,0.0108,0.0084
101,2014-03-13 05:42:14,http://tile.openstreetmap.org/{Z}/{X}/{Y}.png,51.9945,4.4566,0.0108,0.0084
101,2014-03-13 05:42:14,http://tile.openstreetmap.org/{Z}/{X}/{Y}.png,51.9945,4.3239,0.0108,0.0084
101,2014-03-13 05:42:14,http://tile.openstreetmap.org/{Z}/{X}/{Y}.png,51.9945,4.3341,0.0108,0.0084
101,2014-03-13 05:42:14,http://tile.openstreetmap.org/{Z}/{X}/{Y}.png,51.9945,4.3443,0.0108,0.0084
101,2014-03-13 05:42:14,http://tile.openstreetmap.org/{Z}/{X}/{Y}.png,51.9945,4.3545,0.0108,0.0084
101,2014-03-13 05:42:14,http://tile.openstreetmap.org/{Z}/{X}/{Y}.png,51.9945,4.3647,0.0107,0.0084
101,2014-03-13 05:42:14,http://tile.openstreetmap.org/{Z}/{X}/{Y}.png,51.9945,4.375,0.0107,0.0084
101,2014-03-13 05:42:14,http://tile.openstreetmap.org/{Z}/{X}/{Y}.png,51.9945,4.3852,0.0107,0.0084
101,2014-03-13 05:42:14,http://tile.openstreetmap.org/{Z}/{X}/{Y}.png,51.9945,4.3953,0.0107,0.0084
101,2014-03-13 05:42:14,http://tile.openstreetmap.org/{Z}/{X}/{Y}.png,51.9861,4.3136,0.0107,0.0084
101,2014-03-13 05:42:14,http://tile.openstreetmap.org/{Z}/{X}/{Y}.png,51.9861,4.4055,0.0107,0.0084
101,2014-03-13 05:42:14,http://tile.openstreetmap.org/{Z}/{X}/{Y}.png,51.9861,4.4158,0.0108,0.0084
101,2014-03-13 05:42:14,http://tile.openstreetmap.org/{Z}/{X}/{Y}.png,51.9861,4.426,0.0108,0.0084
101,2014-03-13 05:42:14,http://tile.openstreetmap.org/{Z}/{X}/{Y}.png,51.9861,4.4362,0.0108,0.0084
101,2014-03-13 05:42:14,http://tile.openstreetmap.org/{Z}/{X}/{Y}.png,51.9861,4.4464,0.0108,0.0084
101,2014-03-13 05:42:14,http://tile.openstreetmap.org/{Z}/{X}/{Y}.png,51.9861,4.4566,0.0108,0.0084
101,2014-03-13 05:42:14,http://tile.openstreetmap.org/{Z}/{X}/{Y}.png,51.9861,4.3239,0.0108,0.0084
101,2014-03-13 05:42:14,http://tile.openstreetmap.org/{Z}/{X}/{Y}.png,51.9861,4.3341,0.0108,0.0084
101,2014-03-13 05:42:14,http://tile.openstreetmap.org/{Z}/{X}/{Y}.png,51.9861,4.3443,0.0108,0.0084
101,2014-03-13 05:42:14,http://tile.openstreetmap.org/{Z}/{X}/{Y}.png,51.9861,4.3545,0.0108,0.0084
101,2014-03-13 05:42:14,http://tile.openstreetmap.org/{Z}/{X}/{Y}.png,51.9861,4.3647,0.0107,0.0084
101,2014-03-13 05:42:14,http://tile.openstreetmap.org/{Z}/{X}/{Y}.png,51.9861,4.375,0.0107,0.0084
101,2014-03-13 05:42:14,http://tile.openstreetmap.org/{Z}/{X}/{Y}.png,51.9861,4.3852,0.0107,0.0084
101,2014-03-13 05:42:14,http://tile.openstreetmap.org/{Z}/{X}/{Y}.png,51.9861,4.3953,0.0107,0.0084
101,2014-03-13 05:42:14,http://tile.openstreetmap.org/{Z}/{X}/{Y}.png,51.9778,4.3136,0.0107,0.0083
101,2014-03-13 05:42:14,http://tile.openstreetmap.org/{Z}/{X}/{Y}.png,51.9778,4.4055,0.0107,0.0083
101,2014-03-13 05:42:14,http://tile.openstreetmap.org/{Z}/{X}/{Y}.png,51.9778,4.4158,0.0108,0.0083
101,2014-03-13 05:42:14,http://tile.openstreetmap.org/{Z}/{X}/{Y}.png,51.9778,4.426,0.0108,0.0083
101,2014-03-13 05:42:14,http://tile.openstreetmap.org/{Z}/{X}/{Y}.png,51.9778,4.4362,0.0108,0.0083
101,2014-03-13 05:42:14,http://tile.openstreetmap.org/{Z}/{X}/{Y}.png,51.9778,4.4464,0.0108,0.0083
101,2014-03-13 05:42:14,http://tile.openstreetmap.org/{Z}/{X}/{Y}.png,51.9778,4.4566,0.0108,0.0083
101,2014-03-13 05:42:14,http://tile.openstreetmap.org/{Z}/{X}/{Y}.png,51.9778,4.3239,0.0108,0.0083
101,2014-03-13 05:42:14,http://tile.openstreetmap.org/{Z}/{X}/{Y}.png,51.9778,4.3341,0.0108,0.0083
101,2014-03-13 05:42:14,http://tile.openstreetmap.org/{Z}/{X}/{Y}.png,51.9778,4.3443,0.0108,0.0083
101,2014-03-13 05:42:14,http://tile.openstreetmap.org/{Z}/{X}/{Y}.png,51.9778,4.3545,0.0108,0.0083
101,2014-03-13 05:42:14,http://tile.openstreetmap.org/{Z}/{X}/{Y}.png,51.9778,4.3647,0.0107,0.0083
101,2014-03-13 05:42:14,http://tile.openstreetmap.org/{Z}/{X}/{Y}.png,51.9778,4.375,0.0107,0.0083
101,2014-03-13 05:42:14,http://tile.openstreetmap.org/{Z}/{X}/{Y}.png,51.9778,4.3852,0.0107,0.0083
101,2014-03-13 05:42:14,http://tile.openstreetmap.org/{Z}/{X}/{Y}.png,51.9778,4.3953,0.0107,0.0083
102,2012-09-26 19:29:23,http://tile.stamen.com/toner-lite/{Z}/{X}/{Y}.png,48.8536,2.3472,0.2537,0.1168
103,2013-07-14 01:29:23,http://tile.openstreetmap.org/{Z}/{X}/{Y}.png,45.9445,10.0346,0.2529,0.2227
104,2014-08-21 23:57:30,http://tile.openstreetmap.org/{Z}/{X}/{Y}.png,47.3775,20.0948,0.023,0.0109
104,2014-08-21 23:57:30,http://tile.openstreetmap.org/{Z}/{X}/{Y}.png,47.3671,20.0948,0.023,0.0109
105,2014-05-04 15:49:51,http://tile.openstreetmap.org/{Z}/{X}/{Y}.png,34.8402,134.6875,0.008,0.0084
105,2014-05-04 15:49:51,http://tile.openstreetmap.org/{Z}/{X}/{Y}.png,34.8402,134.6952,0.0081,0.0084
105,2014-05-04 15:49:51,http://tile.openstreetmap.org/{Z}/{X}/{Y}.png,34.8319,134.6875,0.008,0.0083
105,2014-05-04 15:49:51,http://tile.openstreetmap.org/{Z}/{X}/{Y}.png,34.8319,134.6952,0.0081,0.0083
105,2014-05-04 15:49:51,http://tile.openstreetmap.org/{Z}/{X}/{Y}.png,34.8235,134.6875,0.008,0.0084
105,2014-05-04 15:49:51,http://tile.openstreetmap.org/{Z}/{X}/{Y}.png,34.8235,134.6952,0.0081,0.0084
106,2014-12-20 05:23:37,http://tile.openstreetmap.org/{Z}/{X}/{Y}.png,27.0554,90.3845,5.5756,3.475
106,2014-12-20 05:23:37,http://tile.openstreetmap.org/{Z}/{X}/{Y}.png,27.0554,95.9601,5.5756,3.475
106,2014-12-20 05:23:37,http://tile.openstreetmap.org/{Z}/{X}/{Y}.png,27.0554,101.5357,5.5755,3.475
106,2014-12-20 05:23:37,http://tile.openstreetmap.org/{Z}/{X}/{Y}.png,27.0554,107.1112,5.5756,3.475
106,2014-12-20 05:23:37,http://tile.openstreetmap.org/{Z}/{X}/{Y}.png,23.6977,90.3845,5.5756,3.573
106,2014-12-20 05:23:37,http://tile.openstreetmap.org/{Z}/{X}/{Y}.png,23.6977,95.9601,5.5756,3.573
106,2014-12-20 05:23:37,http://tile.openstreetmap.org/{Z}/{X}/{Y}.png,23.6977,101.5357,5.5755,3.573
106,2014-12-20 05:23:37,http://tile.openstreetmap.org/{Z}/{X}/{Y}.png,23.6977,107.1112,5.5756,3.573
106,2014-12-20 05:23:37,http://tile.openstreetmap.org/{Z}/{X}/{Y}.png,20.2566,90.3845,5.5756,3.6607
106,2014-12-20 05:23:37,http://tile.openstreetmap.org/{Z}/{X}/{Y}.png,20.2566,95.9601,5.5756,3.6607
106,2014-12-20 05:23:37,http://tile.openstreetmap.org/{Z}/{X}/{Y}.png,20.2566,101.5357,5.5755,3.6607
106,2014-12-20 05:23:37,http://tile.openstreetmap.org/{Z}/{X}/{Y}.png,20.2566,107.1112,5.5756,3.6607
106,2014-12-20 05:23:37,http://tile.openstreetmap.org/{Z}/{X}/{Y}.png,16.7323,90.3845,5.5756,3.7369
106,2014-12-20 05:23:37,http://tile.openstreetmap.org/{Z}/{X}/{Y}.png,16.7323,95.9601,5.5756,3.7369
106,2014-12-20 05:23:37,http://tile.openstreetmap.org/{Z}/{X}/{Y}.png,16.7323,101.5357,5.5755,3.7369
106,2014-12-20 05:23:37,http://tile.openstreetmap.org/{Z}/{X}/{Y}.png,16.7323,107.1112,5.5756,3.7369
106,2014-12-20 05:23:37,http://tile.openstreetmap.org/{Z}/{X}/{Y}.png,13.1417,90.3845,5.5756,3.7999
106,2014-12-20 05:23:37,http://tile.openstreetmap.org/{Z}/{X}/{Y}.png,13.1417,95.9601,5.5756,3.7999
106,2014-12-20 05:23:37,http://tile.openstreetmap.org/{Z}/{X}/{Y}.png,13.1417,101.5357,5.5755,3.7999
106,2014-12-20 05:23:37,http://tile.openstreetmap.org/{Z}/{X}/{Y}.png,13.1417,107.1112,5.5756,3.7999
106,2014-12-20 05:23:37,http://tile.openstreetmap.org/{Z}/{X}/{Y}.png,9.5032,90.3845,5.5756,3.8485
106,2014-12-20 05:23:37,http://tile.openstreetmap.org/{Z}/{X}/{Y}.png,9.5032,95.9601,5.5756,3.8485
106,2014-12-20 05:23:37,http://tile.openstreetmap.org/{Z}/{X}/{Y}.png,9.5032,101.5357,5.5755,3.8485
106,2014-12-20 05:23:37,http://tile.openstreetmap.org/{Z}/{X}/{Y}.png,9.5032,107.1112,5.5756,3.8485
107,2014-07-25 00:24:11,http://tile.openstreetmap.org/{Z}/{X}/{Y}.png,47.1124,15.6997,0.0031,0.0015
107,2014-07-25 00:24:11,http://tile.openstreetmap.org/{Z}/{X}/{Y}.png,47.1124,15.7028,0.003,0.0015
107,2014-07-25 00:24:11,http://tile.openstreetmap.org/{Z}/{X}/{Y}.png,47.1124,15.7058,0.003,0.0015
107,2014-07-25 00:24:11,http://tile.openstreetmap.org/{Z}/{X}/{Y}.png,47.1124,15.7088,0.0031,0.0015
107,2014-07-25 00:24:11,http://tile.openstreetmap.org/{Z}/{X}/{Y}.png,47.1111,15.6997,0.0031,0.0014
107,2014-07-25 00:24:11,http://tile.openstreetmap.org/{Z}/{X}/{Y}.png,47.1111,15.7028,0.003,0.0014
107,2014-07-25 00:24:11,http://tile.openstreetmap.org/{Z}/{X}/{Y}.png,47.1111,15.7058,0.003,0.0014
107,2014-07-25 00:24:11,http://tile.openstreetmap.org/{Z}/{X}/{Y}.png,47.1111,15.7088,0.0031,0.0014
107,2014-07-25 00:24:11,http://tile.openstreetmap.org/{Z}/{X}/{Y}.png,47.1097,15.6997,0.0031,0.0014
107,2014-07-25 00:24:11,http://tile.openstreetmap.org/{Z}/{X}/{Y}.png,47.1097,15.7028,0.003,0.0014
107,2014-07-25 00:24:11,http://tile.openstreetmap.org/{Z}/{X}/{Y}.png,47.1097,15.7058,0.003,0.0014
107,2014-07-25 00:24:11,http://tile.openstreetmap.org/{Z}/{X}/{Y}.png,47.1097,15.7088,0.0031,0.0014
107,2014-07-25 00:24:11,http://tile.openstreetmap.org/{Z}/{X}/{Y}.png,47.1084,15.6997,0.0031,0.0015
107,2014-07-25 00:24:11,http://tile.openstreetmap.org/{Z}/{X}/{Y}.png,47.1084,15.7028,0.003,0.0015
107,2014-07-25 00:24:11,http://tile.openstreetmap.org/{Z}/{X}/{Y}.png,47.1084,15.7058,0.003,0.0015
107,2014-07-25 00:24:11,http://tile.openstreetmap.org/{Z}/{X}/{Y}.png,47.1084,15.7088,0.0031,0.0015
107,2014-07-25 00:24:11,http://tile.openstreetmap.org/{Z}/{X}/{Y}.png,47.1069,15.6997,0.0031,0.0015
107,2014-07-25 00:24:11,http://tile.openstreetmap.org/{Z}/{X}/{Y}.png,47.1069,15.7028,0.003,0.0015
107,2014-07-25 00:24:11,http://tile.openstreetmap.org/{Z}/{X}/{Y}.png,47.1069,15.7058,0.003,0.0015
107,2014-07-25 00:24:11,http://tile.openstreetmap.org/{Z}/{X}/{Y}.png,47.1069,15.7088,0.0031,0.0015
107,2014-07-25 00:24:11,http://tile.openstreetmap.org/{Z}/{X}/{Y}.png,47.1056,15.6997,0.0031,0.0014
107,2014-07-25 00:24:11,http://tile.openstreetmap.org/{Z}/{X}/{Y}.png,47.1056,15.7028,0.003,0.0014
107,2014-07-25 00:24:11,http://tile.openstreetmap.org/{Z}/{X}/{Y}.png,47.1056,15.7058,0.003,0.0014
107,2014-07-25 00:24:11,http://tile.openstreetmap.org/{Z}/{X}/{Y}.png,47.1056,15.7088,0.0031,0.0014
108,2014-09-24 21:25:39,http://tile.openstreetmap.org/{Z}/{X}/{Y}.png,-6.1995,106.8086,0.008,0.0056
109,2014-08-02 23:11:59,http://tile.stamen.com/boner/{Z}/{X}/{Y}.jpg,41.5008,115.8875,0.0671,0.0352
109,2014-08-02 23:11:59,http://tile.stamen.com/boner/{Z}/{X}/{Y}.jpg,41.5008,116.4915,0.0671,0.0352
109,2014-08-02 23:11:59,http://tile.stamen.com/boner/{Z}/{X}/{Y}.jpg,41.5008,116.5587,0.0671,0.0352
109,2014-08-02 23:11:59,http://tile.stamen.com/boner/{Z}/{X}/{Y}.jpg,41.5008,115.9546,0.0672,0.0352
109,2014-08-02 23:11:59,http://tile.stamen.com/boner/{Z}/{X}/{Y}.jpg,41.5008,116.0217,0.0671,0.0352
109,2014-08-02 23:11:59,http://tile.stamen.com/boner/{Z}/{X}/{Y}.jpg,41.5008,116.0889,0.0671,0.0352
109,2014-08-02 23:11:59,http://tile.stamen.com/boner/{Z}/{X}/{Y}.jpg,41.5008,116.1559,0.0671,0.0352
109,2014-08-02 23:11:59,http://tile.stamen.com/boner/{Z}/{X}/{Y}.jpg,41.5008,116.2231,0.0671,0.0352
109,2014-08-02 23:11:59,http://tile.stamen.com/boner/{Z}/{X}/{Y}.jpg,41.5008,116.2902,0.0672,0.0352
109,2014-08-02 23:11:59,http://tile.stamen.com/boner/{Z}/{X}/{Y}.jpg,41.5008,116.3573,0.0671,0.0352
109,2014-08-02 23:11:59,http://tile.stamen.com/boner/{Z}/{X}/{Y}.jpg,41.5008,116.4245,0.0671,0.0352
109,2014-08-02 23:12:00,http://tile.stamen.com/boner/{Z}/{X}/{Y}.jpg,40.6235,115.8875,0.0671,0.0357
109,2014-08-02 23:12:00,http://tile.stamen.com/boner/{Z}/{X}/{Y}.jpg,40.6235,116.4915,0.0671,0.0357
109,2014-08-02 23:12:00,http://tile.stamen.com/boner/{Z}/{X}/{Y}.jpg,40.6235,116.5587,0.0671,0.0357
109,2014-08-02 23:12:00,http://tile.stamen.com/boner/{Z}/{X}/{Y}.jpg,40.6235,115.9546,0.0672,0.0357
109,2014-08-02 23:12:00,http://tile.stamen.com/boner/{Z}/{X}/{Y}.jpg,40.6235,116.0217,0.0671,0.0357
109,2014-08-02 23:12:00,http://tile.stamen.com/boner/{Z}/{X}/{Y}.jpg,40.6235,116.0889,0.0671,0.0357
109,2014-08-02 23:12:00,http://tile.stamen.com/boner/{Z}/{X}/{Y}.jpg,40.6235,116.1559,0.0671,0.0357
109,2014-08-02 23:12:00,http://tile.stamen.com/boner/{Z}/{X}/{Y}.jpg,40.6235,116.2231,0.0671,0.0357
109,2014-08-02 23:12:00,http://tile.stamen.com/boner/{Z}/{X}/{Y}.jpg,40.6235,116.2902,0.0672,0.0357
109,2014-08-02 23:12:00,http://tile.stamen.com/boner/{Z}/{X}/{Y}.jpg,40.6235,116.3573,0.0671,0.0357
109,2014-08-02 23:12:00,http://tile.stamen.com/boner/{Z}/{X}/{Y}.jpg,40.6235,116.4245,0.0671,0.0357
109,2014-08-02 23:12:00,http://tile.stamen.com/boner/{Z}/{X}/{Y}.jpg,40.5896,115.8875,0.0671,0.0356
109,2014-08-02 23:12:00,http://tile.stamen.com/boner/{Z}/{X}/{Y}.jpg,40.5896,116.4915,0.0671,0.0356
109,2014-08-02 23:12:00,http://tile.stamen.com/boner/{Z}/{X}/{Y}.jpg,40.5896,116.5587,0.0671,0.0356
109,2014-08-02 23:12:00,http://tile.stamen.com/boner/{Z}/{X}/{Y}.jpg,40.5896,115.9546,0.0672,0.0356
109,2014-08-02 23:12:00,http://tile.stamen.com/boner/{Z}/{X}/{Y}.jpg,40.5896,116.0217,0.0671,0.0356
109,2014-08-02 23:12:00,http://tile.stamen.com/boner/{Z}/{X}/{Y}.jpg,40.5896,116.0889,0.0671,0.0356
109,2014-08-02 23:12:00,http://tile.stamen.com/boner/{Z}/{X}/{Y}.jpg,40.5896,116.1559,0.0671,0.0356
109,2014-08-02 23:12:00,http://tile.stamen.com/boner/{Z}/{X}/{Y}.jpg,40.5896,116.2231,0.0671,0.0356
109,2014-08-02 23:12:00,http://tile.stamen.com/boner/{Z}/{X}/{Y}.jpg,40.5896,116.2902,0.0672,0.0356
109,2014-08-02 23:12:00,http://tile.stamen.com/boner/{Z}/{X}/{Y}.jpg,40.5896,116.3573,0.0671,0.0356
109,2014-08-02 23:12:00,http://tile.stamen.com/boner/{Z}/{X}/{Y}.jpg,40.5896,116.4245,0.0671,0.0356
109,2014-08-02 23:12:00,http://tile.stamen.com/boner/{Z}/{X}/{Y}.jpg,40.5556,115.8875,0.0671,0.0358
109,2014-08-02 23:12:00,http://tile.stamen.com/boner/{Z}/{X}/{Y}.jpg,40.5556,116.4915,0.0671,0.0358
109,2014-08-02 23:12:00,http://tile.stamen.com/boner/{Z}/{X}/{Y}.jpg,40.5556,116.5587,0.0671,0.0358
109,2014-08-02 23:12:00,http://tile.stamen.com/boner/{Z}/{X}/{Y}.jpg,40.5556,115.9546,0.0672,0.0358
109,2014-08-02 23:12:00,http://tile.stamen.com/boner/{Z}/{X}/{Y}.jpg,40.5556,116.0217,0.0671,0.0358
109,2014-08-02 23:12:00,http://tile.stamen.com/boner/{Z}/{X}/{Y}.jpg,40.5556,116.0889,0.0671,0.0358
109,2014-08-02 23:12:00,http://tile.stamen.com/boner/{Z}/{X}/{Y}.jpg,40.5556,116.1559,0.0671,0.0358
109,2014-08-02 23:12:00,http://tile.stamen.com/boner/{Z}/{X}/{Y}.jpg,40.5556,116.2231,0.0671,0.0358
109,2014-08-02 23:12:00,http://tile.stamen.com/boner/{Z}/{X}/{Y}.jpg,40.5556,116.2902,0.0672,0.0358
109,2014-08-02 23:12:00,http://tile.stamen.com/boner/{Z}/{X}/{Y}.jpg,40.5556,116.3573,0.0671,0.0358
109,2014-08-02 23:12:00,http://tile.stamen.com/boner/{Z}/{X}/{Y}.jpg,40.5556,116.4245,0.0671,0.0358
109,2014-08-02 23:12:00,http://tile.stamen.com/boner/{Z}/{X}/{Y}.jpg,40.5216,115.8875,0.0671,0.0357
109,2014-08-02 23:12:00,http://tile.stamen.com/boner/{Z}/{X}/{Y}.jpg,40.5216,116.4915,0.0671,0.0357
109,2014-08-02 23:12:00,http://tile.stamen.com/boner/{Z}/{X}/{Y}.jpg,40.5216,116.5587,0.0671,0.0357
109,2014-08-02 23:12:00,http://tile.stamen.com/boner/{Z}/{X}/{Y}.jpg,40.5216,115.9546,0.0672,0.0357
109,2014-08-02 23:12:00,http://tile.stamen.com/boner/{Z}/{X}/{Y}.jpg,40.5216,116.0217,0.0671,0.0357
109,2014-08-02 23:12:00,http://tile.stamen.com/boner/{Z}/{X}/{Y}.jpg,40.5216,116.0889,0.0671,0.0357
109,2014-08-02 23:12:00,http://tile.stamen.com/boner/{Z}/{X}/{Y}.jpg,40.5216,116.1559,0.0671,0.0357
109,2014-08-02 23:12:00,http://tile.stamen.com/boner/{Z}/{X}/{Y}.jpg,40.5216,116.2231,0.0671,0.0357
109,2014-08-02 23:12:00,http://tile.stamen.com/boner/{Z}/{X}/{Y}.jpg,40.5216,116.2902,0.0672,0.0357
109,2014-08-02 23:12:00,http://tile.stamen.com/boner/{Z}/{X}/{Y}.jpg,40.5216,116.3573,0.0671,0.0357
109,2014-08-02 23:12:00,http://tile.stamen.com/boner/{Z}/{X}/{Y}.jpg,40.5216,116.4245,0.0671,0.0357
109,2014-08-02 23:11:59,http://tile.stamen.com/boner/{Z}/{X}/{Y}.jpg,41.4672,115.8875,0.0671,0.0352
109,2014-08-02 23:11:59,http://tile.stamen.com/boner/{Z}/{X}/{Y}.jpg,41.4672,116.4915,0.0671,0.0352
109,2014-08-02 23:11:59,http://tile.stamen.com/boner/{Z}/{X}/{Y}.jpg,41.4672,116.5587,0.0671,0.0352
109,2014-08-02 23:11:59,http://tile.stamen.com/boner/{Z}/{X}/{Y}.jpg,41.4672,115.9546,0.0672,0.0352
109,2014-08-02 23:11:59,http://tile.stamen.com/boner/{Z}/{X}/{Y}.jpg,41.4672,116.0217,0.0671,0.0352
109,2014-08-02 23:11:59,http://tile.stamen.com/boner/{Z}/{X}/{Y}.jpg,41.4672,116.0889,0.0671,0.0352
109,2014-08-02 23:11:59,http://tile.stamen.com/boner/{Z}/{X}/{Y}.jpg,41.4672,116.1559,0.0671,0.0352
109,2014-08-02 23:11:59,http://tile.stamen.com/boner/{Z}/{X}/{Y}.jpg,41.4672,116.2231,0.0671,0.0352
109,2014-08-02 23:11:59,http://tile.stamen.com/boner/{Z}/{X}/{Y}.jpg,41.4672,116.2902,0.0672,0.0352
109,2014-08-02 23:11:59,http://tile.stamen.com/boner/{Z}/{X}/{Y}.jpg,41.4672,116.3573,0.0671,0.0352
109,2014-08-02 23:11:59,http://tile.stamen.com/boner/{Z}/{X}/{Y}.jpg,41.4672,116.4245,0.0671,0.0352
109,2014-08-02 23:11:59,http://tile.stamen.com/boner/{Z}/{X}/{Y}.jpg,41.4337,115.8875,0.0671,0.0352
109,2014-08-02 23:11:59,http://tile.stamen.com/boner/{Z}/{X}/{Y}.jpg,41.4337,116.4915,0.0671,0.0352
109,2014-08-02 23:11:59,http://tile.stamen.com/boner/{Z}/{X}/{Y}.jpg,41.4337,116.5587,0.0671,0.0352
109,2014-08-02 23:11:59,http://tile.stamen.com/boner/{Z}/{X}/{Y}.jpg,41.4337,115.9546,0.0672,0.0352
109,2014-08-02 23:11:59,http://tile.stamen.com/boner/{Z}/{X}/{Y}.jpg,41.4337,116.0217,0.0671,0.0352
109,2014-08-02 23:11:59,http://tile.stamen.com/boner/{Z}/{X}/{Y}.jpg,41.4337,116.0889,0.0671,0.0352
109,2014-08-02 23:11:59,http://tile.stamen.com/boner/{Z}/{X}/{Y}.jpg,41.4337,116.1559,0.0671,0.0352
109,2014-08-02 23:11:59,http://tile.stamen.com/boner/{Z}/{X}/{Y}.jpg,41.4337,116.2231,0.0671,0.0352
109,2014-08-02 23:11:59,http://tile.stamen.com/boner/{Z}/{X}/{Y}.jpg,41.4337,116.2902,0.0672,0.0352
109,2014-08-02 23:11:59,http://tile.stamen.com/boner/{Z}/{X}/{Y}.jpg,41.4337,116.3573,0.0671,0.0352
109,2014-08-02 23:11:59,http://tile.stamen.com/boner/{Z}/{X}/{Y}.jpg,41.4337,116.4245,0.0671,0.0352
109,2014-08-02 23:11:59,http://tile.stamen.com/boner/{Z}/{X}/{Y}.jpg,41.4001,115.8875,0.0671,0.0353
109,2014-08-02 23:11:59,http://tile.stamen.com/boner/{Z}/{X}/{Y}.jpg,41.4001,116.4915,0.0671,0.0353
109,2014-08-02 23:11:59,http://tile.stamen.com/boner/{Z}/{X}/{Y}.jpg,41.4001,116.5587,0.0671,0.0353
109,2014-08-02 23:11:59,http://tile.stamen.com/boner/{Z}/{X}/{Y}.jpg,41.4001,115.9546,0.0672,0.0353
109,2014-08-02 23:11:59,http://tile.stamen.com/boner/{Z}/{X}/{Y}.jpg,41.4001,116.0217,0.0671,0.0353
109,2014-08-02 23:11:59,http://tile.stamen.com/boner/{Z}/{X}/{Y}.jpg,41.4001,116.0889,0.0671,0.0353
109,2014-08-02 23:11:59,http://tile.stamen.com/boner/{Z}/{X}/{Y}.jpg,41.4001,116.1559,0.0671,0.0353
109,2014-08-02 23:11:59,http://tile.stamen.com/boner/{Z}/{X}/{Y}.jpg,41.4001,116.2231,0.0671,0.0353
109,2014-08-02 23:11:59,http://tile.stamen.com/boner/{Z}/{X}/{Y}.jpg,41.4001,116.2902,0.0672,0.0353
109,2014-08-02 23:11:59,http://tile.stamen.com/boner/{Z}/{X}/{Y}.jpg,41.4001,116.3573,0.0671,0.0353
109,2014-08-02 23:11:59,http://tile.stamen.com/boner/{Z}/{X}/{Y}.jpg,41.4001,116.4245,0.0671,0.0353
109,2014-08-02 23:11:59,http://tile.stamen.com/boner/{Z}/{X}/{Y}.jpg,41.3666,115.8875,0.0671,0.0353
109,2014-08-02 23:11:59,http://tile.stamen.com/boner/{Z}/{X}/{Y}.jpg,41.3666,116.4915,0.0671,0.0353
109,2014-08-02 23:11:59,http://tile.stamen.com/boner/{Z}/{X}/{Y}.jpg,41.3666,116.5587,0.0671,0.0353
109,2014-08-02 23:11:59,http://tile.stamen.com/boner/{Z}/{X}/{Y}.jpg,41.3666,115.9546,0.0672,0.0353
109,2014-08-02 23:11:59,http://tile.stamen.com/boner/{Z}/{X}/{Y}.jpg,41.3666,116.0217,0.0671,0.0353
109,2014-08-02 23:11:59,http://tile.stamen.com/boner/{Z}/{X}/{Y}.jpg,41.3666,116.0889,0.0671,0.0353
109,2014-08-02 23:11:59,http://tile.stamen.com/boner/{Z}/{X}/{Y}.jpg,41.3666,116.1559,0.0671,0.0353
109,2014-08-02 23:11:59,http://tile.stamen.com/boner/{Z}/{X}/{Y}.jpg,41.3666,116.2231,0.0671,0.0353
109,2014-08-02 23:11:59,http://tile.stamen.com/boner/{Z}/{X}/{Y}.jpg,41.3666,116.2902,0.0672,0.0353
109,2014-08-02 23:11:59,http://tile.stamen.com/boner/{Z}/{X}/{Y}.jpg,41.3666,116.3573,0.0671,0.0353
109,2014-08-02 23:11:59,http://tile.stamen.com/boner/{Z}/{X}/{Y}.jpg,41.3666,116.4245,0.0671,0.0353
109,2014-08-02 23:11:59,http://tile.stamen.com/boner/{Z}/{X}/{Y}.jpg,41.3329,115.8875,0.0671,0.0353
109,2014-08-02 23:11:59,http://tile.stamen.com/boner/{Z}/{X}/{Y}.jpg,41.3329,116.4915,0.0671,0.0353
109,2014-08-02 23:11:59,http://tile.stamen.com/boner/{Z}/{X}/{Y}.jpg,41.3329,116.5587,0.0671,0.0353
109,2014-08-02 23:11:59,http://tile.stamen.com/boner/{Z}/{X}/{Y}.jpg,41.3329,115.9546,0.0672,0.0353
109,2014-08-02 23:11:59,http://tile.stamen.com/boner/{Z}/{X}/{Y}.jpg,41.3329,116.0217,0.0671,0.0353
109,2014-08-02 23:11:59,http://tile.stamen.com/boner/{Z}/{X}/{Y}.jpg,41.3329,116.0889,0.0671,0.0353
109,2014-08-02 23:11:59,http://tile.stamen.com/boner/{Z}/{X}/{Y}.jpg,41.3329,116.1559,0.0671,0.0353
109,2014-08-02 23:11:59,http://tile.stamen.com/boner/{Z}/{X}/{Y}.jpg,41.3329,116.2231,0.0671,0.0353
109,2014-08-02 23:11:59,http://tile.stamen.com/boner/{Z}/{X}/{Y}.jpg,41.3329,116.2902,0.0672,0.0353
109,2014-08-02 23:11:59,http://tile.stamen.com/boner/{Z}/{X}/{Y}.jpg,41.3329,116.3573,0.0671,0.0353
109,2014-08-02 23:11:59,http://tile.stamen.com/boner/{Z}/{X}/{Y}.jpg,41.3329,116.4245,0.0671,0.0353
109,2014-08-02 23:11:59,http://tile.stamen.com/boner/{Z}/{X}/{Y}.jpg,41.2994,115.8875,0.0671,0.0353
109,2014-08-02 23:11:59,http://tile.stamen.com/boner/{Z}/{X}/{Y}.jpg,41.2994,116.4915,0.0671,0.0353
109,2014-08-02 23:11:59,http://tile.stamen.com/boner/{Z}/{X}/{Y}.jpg,41.2994,116.5587,0.0671,0.0353
109,2014-08-02 23:11:59,http://tile.stamen.com/boner/{Z}/{X}/{Y}.jpg,41.2994,115.9546,0.0672,0.0353
109,2014-08-02 23:11:59,http://tile.stamen.com/boner/{Z}/{X}/{Y}.jpg,41.2994,116.0217,0.0671,0.0353
109,2014-08-02 23:11:59,http://tile.stamen.com/boner/{Z}/{X}/{Y}.jpg,41.2994,116.0889,0.0671,0.0353
109,2014-08-02 23:11:59,http://tile.stamen.com/boner/{Z}/{X}/{Y}.jpg,41.2994,116.1559,0.0671,0.0353
109,2014-08-02 23:11:59,http://tile.stamen.com/boner/{Z}/{X}/{Y}.jpg,41.2994,116.2231,0.0671,0.0353
109,2014-08-02 23:11:59,http://tile.stamen.com/boner/{Z}/{X}/{Y}.jpg,41.2994,116.2902,0.0672,0.0353
109,2014-08-02 23:11:59,http://tile.stamen.com/boner/{Z}/{X}/{Y}.jpg,41.2994,116.3573,0.0671,0.0353
109,2014-08-02 23:11:59,http://tile.stamen.com/boner/{Z}/{X}/{Y}.jpg,41.2994,116.4245,0.0671,0.0353
109,2014-08-02 23:11:59,http://tile.stamen.com/boner/{Z}/{X}/{Y}.jpg,41.2657,115.8875,0.0671,0.0353
109,2014-08-02 23:11:59,http://tile.stamen.com/boner/{Z}/{X}/{Y}.jpg,41.2657,116.4915,0.0671,0.0353
109,2014-08-02 23:11:59,http://tile.stamen.com/boner/{Z}/{X}/{Y}.jpg,41.2657,116.5587,0.0671,0.0353
109,2014-08-02 23:11:59,http://tile.stamen.com/boner/{Z}/{X}/{Y}.jpg,41.2657,115.9546,0.0672,0.0353
109,2014-08-02 23:11:59,http://tile.stamen.com/boner/{Z}/{X}/{Y}.jpg,41.2657,116.0217,0.0671,0.0353
109,2014-08-02 23:11:59,http://tile.stamen.com/boner/{Z}/{X}/{Y}.jpg,41.2657,116.0889,0.0671,0.0353
109,2014-08-02 23:11:59,http://tile.stamen.com/boner/{Z}/{X}/{Y}.jpg,41.2657,116.1559,0.0671,0.0353
109,2014-08-02 23:11:59,http://tile.stamen.com/boner/{Z}/{X}/{Y}.jpg,41.2657,116.2231,0.0671,0.0353
109,2014-08-02 23:11:59,http://tile.stamen.com/boner/{Z}/{X}/{Y}.jpg,41.2657,116.2902,0.0672,0.0353
109,2014-08-02 23:11:59,http://tile.stamen.com/boner/{Z}/{X}/{Y}.jpg,41.2657,116.3573,0.0671,0.0353
109,2014-08-02 23:11:59,http://tile.stamen.com/boner/{Z}/{X}/{Y}.jpg,41.2657,116.4245,0.0671,0.0353
109,2014-08-02 23:11:59,http://tile.stamen.com/boner/{Z}/{X}/{Y}.jpg,41.2321,115.8875,0.0671,0.0353
109,2014-08-02 23:12:00,http://tile.stamen.com/boner/{Z}/{X}/{Y}.jpg,41.2321,116.4915,0.0671,0.0353
109,2014-08-02 23:12:00,http://tile.stamen.com/boner/{Z}/{X}/{Y}.jpg,41.2321,116.5587,0.0671,0.0353
109,2014-08-02 23:12:00,http://tile.stamen.com/boner/{Z}/{X}/{Y}.jpg,41.2321,115.9546,0.0672,0.0353
109,2014-08-02 23:12:00,http://tile.stamen.com/boner/{Z}/{X}/{Y}.jpg,41.2321,116.0217,0.0671,0.0353
109,2014-08-02 23:12:00,http://tile.stamen.com/boner/{Z}/{X}/{Y}.jpg,41.2321,116.0889,0.0671,0.0353
109,2014-08-02 23:12:00,http://tile.stamen.com/boner/{Z}/{X}/{Y}.jpg,41.2321,116.1559,0.0671,0.0353
109,2014-08-02 23:12:00,http://tile.stamen.com/boner/{Z}/{X}/{Y}.jpg,41.2321,116.2231,0.0671,0.0353
109,2014-08-02 23:12:00,http://tile.stamen.com/boner/{Z}/{X}/{Y}.jpg,41.2321,116.2902,0.0672,0.0353
109,2014-08-02 23:12:00,http://tile.stamen.com/boner/{Z}/{X}/{Y}.jpg,41.2321,116.3573,0.0671,0.0353
109,2014-08-02 23:12:00,http://tile.stamen.com/boner/{Z}/{X}/{Y}.jpg,41.2321,116.4245,0.0671,0.0353
109,2014-08-02 23:12:00,http://tile.stamen.com/boner/{Z}/{X}/{Y}.jpg,41.1984,115.8875,0.0671,0.0353
109,2014-08-02 23:12:00,http://tile.stamen.com/boner/{Z}/{X}/{Y}.jpg,41.1984,116.4915,0.0671,0.0353
109,2014-08-02 23:12:00,http://tile.stamen.com/boner/{Z}/{X}/{Y}.jpg,41.1984,116.5587,0.0671,0.0353
109,2014-08-02 23:12:00,http://tile.stamen.com/boner/{Z}/{X}/{Y}.jpg,41.1984,115.9546,0.0672,0.0353
109,2014-08-02 23:12:00,http://tile.stamen.com/boner/{Z}/{X}/{Y}.jpg,41.1984,116.0217,0.0671,0.0353
109,2014-08-02 23:12:00,http://tile.stamen.com/boner/{Z}/{X}/{Y}.jpg,41.1984,116.0889,0.0671,0.0353
109,2014-08-02 23:12:00,http://tile.stamen.com/boner/{Z}/{X}/{Y}.jpg,41.1984,116.1559,0.0671,0.0353
109,2014-08-02 23:12:00,http://tile.stamen.com/boner/{Z}/{X}/{Y}.jpg,41.1984,116.2231,0.0671,0.0353
109,2014-08-02 23:12:00,http://tile.stamen.com/boner/{Z}/{X}/{Y}.jpg,41.1984,116.2902,0.0672,0.0353
109,2014-08-02 23:12:00,http://tile.stamen.com/boner/{Z}/{X}/{Y}.jpg,41.1984,116.3573,0.0671,0.0353
109,2014-08-02 23:12:00,http://tile.stamen.com/boner/{Z}/{X}/{Y}.jpg,41.1984,116.4245,0.0671,0.0353
109,2014-08-02 23:12:00,http://tile.stamen.com/boner/{Z}/{X}/{Y}.jpg,41.1647,115.8875,0.0671,0.0353
109,2014-08-02 23:12:00,http://tile.stamen.com/boner/{Z}/{X}/{Y}.jpg,41.1647,116.4915,0.0671,0.0353
109,2014-08-02 23:12:00,http://tile.stamen.com/boner/{Z}/{X}/{Y}.jpg,41.1647,116.5587,0.0671,0.0353
109,2014-08-02 23:12:00,http://tile.stamen.com/boner/{Z}/{X}/{Y}.jpg,41.1647,115.9546,0.0672,0.0353
109,2014-08-02 23:12:00,http://tile.stamen.com/boner/{Z}/{X}/{Y}.jpg,41.1647,116.0217,0.0671,0.0353
109,2014-08-02 23:12:00,http://tile.stamen.com/boner/{Z}/{X}/{Y}.jpg,41.1647,116.0889,0.0671,0.0353
109,2014-08-02 23:12:00,http://tile.stamen.com/boner/{Z}/{X}/{Y}.jpg,41.1647,116.1559,0.0671,0.0353
109,2014-08-02 23:12:00,http://tile.stamen.com/boner/{Z}/{X}/{Y}.jpg,41.1647,116.2231,0.0671,0.0353
109,2014-08-02 23:12:00,http://tile.stamen.com/boner/{Z}/{X}/{Y}.jpg,41.1647,116.2902,0.0672,0.0353
109,2014-08-02 23:12:00,http://tile.stamen.com/boner/{Z}/{X}/{Y}.jpg,41.1647,116.3573,0.0671,0.0353
109,2014-08-02 23:12:00,http://tile.stamen.com/boner/{Z}/{X}/{Y}.jpg,41.1647,116.4245,0.0671,0.0353
109,2014-08-02 23:12:00,http://tile.stamen.com/boner/{Z}/{X}/{Y}.jpg,41.131,115.8875,0.0671,0.0354
109,2014-08-02 23:12:00,http://tile.stamen.com/boner/{Z}/{X}/{Y}.jpg,41.131,116.4915,0.0671,0.0354
109,2014-08-02 23:12:00,http://tile.stamen.com/boner/{Z}/{X}/{Y}.jpg,41.131,116.5587,0.0671,0.0354
109,2014-08-02 23:12:00,http://tile.stamen.com/boner/{Z}/{X}/{Y}.jpg,41.131,115.9546,0.0672,0.0354
109,2014-08-02 23:12:00,http://tile.stamen.com/boner/{Z}/{X}/{Y}.jpg,41.131,116.0217,0.0671,0.0354
109,2014-08-02 23:12:00,http://tile.stamen.com/boner/{Z}/{X}/{Y}.jpg,41.131,116.0889,0.0671,0.0354
109,2014-08-02 23:12:00,http://tile.stamen.com/boner/{Z}/{X}/{Y}.jpg,41.131,116.1559,0.0671,0.0354
109,2014-08-02 23:12:00,http://tile.stamen.com/boner/{Z}/{X}/{Y}.jpg,41.131,116.2231,0.0671,0.0354
109,2014-08-02 23:12:00,http://tile.stamen.com/boner/{Z}/{X}/{Y}.jpg,41.131,116.2902,0.0672,0.0354
109,2014-08-02 23:12:00,http://tile.stamen.com/boner/{Z}/{X}/{Y}.jpg,41.131,116.3573,0.0671,0.0354
109,2014-08-02 23:12:00,http://tile.stamen.com/boner/{Z}/{X}/{Y}.jpg,41.131,116.4245,0.0671,0.0354
109,2014-08-02 23:12:00,http://tile.stamen.com/boner/{Z}/{X}/{Y}.jpg,41.0973,115.8875,0.0671,0.0355
109,2014-08-02 23:12:00,http://tile.stamen.com/boner/{Z}/{X}/{Y}.jpg,41.0973,116.4915,0.0671,0.0355
